source,target,prediction
eis que ele está deitado sobre o capim,Kapi'i sosé kó tuî,Kapi'ĩ 'arybo kó oîeî
eu sou aleijado,Xe apar,Xe ra'ang
meu parceiro,xe rapixara,xe rapixara
a chuva cessou,Opyk amana,Oîepé ybyra
"depois disso, finalmente, vira-se para eles, falando de forma muito terrível.",A'e roîré ko'yté i koty obaka onhe'eng-abaetéramo,"A'e ré, aûîé, i xuí, i nhe'enga-eté-katupabẽ"
não tenho com o que bater,Na xe pûasabi,N'arekóî xe remimondykaba
"ah, como você é enfadonho, de fato!",Tekatunheté rakûé endé hegûy!,Nde ra'ueté mã!
sua visão aguçada desaparece e seus ouvidos se tampam,"Sesapysopûera kanhemi, iî apysaká oîe'obo","O apysakûá-pûaîa osó, o nambi-pûaîa"
quem trouxe aquela lei nova?,Aîpó tekó-pysasu abá serã ogûeru?,Abápe aîpó tekopûera?
este santo faz com que quem lhe roga recupere suas coisas desaparecidas ou seu escravo fugitivo,Kó santo o mongetasara oîmoîekosub i mba'e i kanhẽmbyra koîpó semiaûsuîababa supé,Kó santo i mongetasara i mba'e-porarasara koîpó o embiaûsuba mondarõmo
"tinha uma cor um tanto preta, certamente",Moroún-mbyry nakó,"I 'ara-puku-puku, na'ĩ"
terra elevada,yby-'ama,ybytu
brinco,Anhemosaraî,Aîeapyk
não corrigir seu filho quando ele estiver no erro,O a'yra marãbirĩ sekóreme senonhene'yma,Nde membyra moangaîpagûera resé nd'ereîkóî
os beatos e os santos que deus leva consigo para o céu são muitos,Marangatuba'e santos ybakype Tupã remieroîeoîa setá,"Setá Tupã ybakype i porasûara, santos, erimba'e"
"outrora, passando por cima dela, eu fui a causa de você agir","Akûeîme, i apyrasapa, xe nde moingosaba é","Akûeîme, i 'apira rupi, xe rekóû nde rekóû"
"afastou-se, então, daqueles seus três discípulos?",Oîeîyîpe a'e o boîá mosapyr suí a'ereme?,Osó-pipó a'ereme a'e setá o boîá suí?
que venha para nos ajudar meu irmão mais novo,T'oú îandé pytybõmo xe rybyra,T'oú xe îybĩ îandé pûeraîa
igualmente se preocuparão em fazer com que seus filhos estejam na virtude?,Oîoîabenhẽpe tekokatu resé o a'yra moingoagûama ri i nhemosaînanyne?,Oîkó-katupe o membyra tekokatu resé oîkóbo?
você tem namorada?,Nde kunhã'ype?,Nde ra'yrotype?
descarrega-a para ele,Eroîyb ahẽ supé,Eîmonhang i xuí
eles estarão muito doentes,I mara'a tenhẽ,Sasy-katu i xupé
"estou inchado, tenho calombos",Xe gûa'a-gûa'a,Xe îubyk
enquanto eu falo,Gûinhe'enga abé,xe nhe'ẽ-nhemim
"armadilha para ratos, ratoeira",gûabiru rupîara,ratá-mbûera
"nele a água transformou-se em vinho, de acordo com os pedidos de sua mãe",I pupé 'y anhẽ monhangi kaûĩnamo o sy îeruresaba rupi,"Y-ype y gûitekó, sy remîerurébo"
empanturrei as pessoas,Aporomoebykatã,Aîmoapysyk
eu tenho a boca aberta,Xe îuru-îaî,Xe îuru-puku
como o revolutear de um urubu sobre coisas fedorentas,Urubu mba'enema 'arybo nhemoîereba îabé,Urubu mo'angaíba resé i moîerokûaba
eu sou molengão,Xe rekoporeaûsub,Xe rakûar
que faziam ali os que ele faria sair com ele?,Marãpe a'e semienosegûama rekóû a'epe?,Marã e'ipe a'epe i mondepyrûera?
tenho pendências com ele,Aîkó sesé,Xe rapûãî
"eia, desviando-me depressa","Ne'ĩ, taûîé, xe reîyîa",Xe rapixá-pyryb
"por outro lado, igualmente, o próprio mar será mais terrível do que costumava ser",Kokoty paranã aé rame'ĩ o abaetéramo erimba'e gûekoagûera sosé,Kokoty paranã aé-te sekóû i abaeté îandune
"tão logo, ao ouvir o nome dela, eu me escondo em outro lugar",Serenduba rupibé amongoty xe nhemimi,"I nhendu-nhõmo, aîemĩnhemimĩ amõ pupé"
quem vai buscar água,ypyasoara,y-pytara
o tenho na cintura,Xe ku'aî arekó,Xe ku'a pupé
"olha, arrasamos todos os tupinambás que estavam no paraguaçu","Ma'ẽne, tupinambá Paragûasupendarûera opakatu îamombá","Eîkuá, îaîuká tupinambá pabẽ Paragûasupe oîeîkuá"
veio novamente por tua causa,Oú ramõ nde resé,Our bé nde resé
pilatos dirigiu de novo sua fala aos judeus?,Oîmoín-y bépe Pilatos o nhe'enga îudeus supé?,Oîmondó-y bépe Pilatos i xupé îudeus supé?
"brandamente, suavemente",mbegûé-katu,iîepé-pyryb
quais são os nomes da santíssima trindade?,Marã-marãpe Santíssima Trindade rera?,Marã e'ipe Mbo'esapy-Tupã-Tupã?
"a morada dos homens é, de fato, muito diferente da minha residência",Oîaby rakó abá rekó xe retama,Abá rekó-eté iîabaeté xe rekó suí
"eles, na verdade, distinguem-se em três pessoas",A'e anhẽ mosapyr pessoaamo i îa'oki,Mosapy-apyri i îepe'a
você mandou sua esposa ir em busca de mulheres?,Ereîopûaîpe nde remirekó kunhã resé?,Ereîmondópe nde remirekó kunhã resé?
a embelezou acima de todas as pessoas,Abá sosé pabẽ i momorangi,Opá sosé i moîangaîpab
por que será que ele não vem?,Marã serã ture'ymi?,Marãnamope ruã i xuí?
parece provável que a sua morte tenha sido a finalidade com que seu pai o fez viver,Tuba i moingoaba se'õ a'e i aîarõ,Oîkuakuîa'ub é og uba i moingobé-katu
que deteste a má vida,T'aroŷrõ tekomemûã,Tekó-aíba t'oîmoŷrõ
guardem-se de ser maus doravante,"Peteumẽ, pe poxyramo angiré",Peîkó pe poxy suí
os que acreditam em sonhos,Mosaûsuba rerobîasara,Sygûarûera
não deixo de querê-lo,N'aîpotare'ymi,N'asepîak
começando a pronunciá-lo,sa'ang-ypŷabo,i mombe'u-monhang
a que tem o nome santa maria,Santa Maria seryba'e,Santa Maria seryba'e
quem batizou não pode casar com aquela que batizou.,Oporoerokyba'epûera nd'e'ikatuî omendá o emierokûera resé,N'e'ikatuî i mongaraibypyre omendá i mongaraibypyra resé
"fome, sede, cansaço e quaisquer outras coisas sofrendo por nós.","Ambyasy, 'useîa, kane'õ, mba'e tetiruã porarábo îandé resé",Mba'e-mba'e amõ îandé resé oîmoasyba'e
eu o arrombei,Aîmonarang,Aîapyk
substituindo suas palavras aos que o ouviram,Ogûenduparûera supé o nhe'enga rekobîarõmo,I nhe'enga rendusara supé i nhe'enga moîaîpa
"ah, excelente!","Té, aûîé-katutenhẽ!","Aîpó, tekatueté!"
"cinzas do alguidar, cinzas da bacia",nha'ẽpesẽ-uba,amõ-a'uba
remador de canoa,ygá-pukuîtara,ygara remirosara
casa de pedra,itá-oka,itá rokaba
acaso outrora a alma de algum homem não ia para o céu?,Abá 'angûera amõ soe'ymi ybakype erimba'e?,Oîepé abá 'anga amõ nakó ybakype n'osóî?
um certo judeu velho mostrou o lugar onde ela fora enterrada,Amõ îudeu-tuîba'e i tymagûera kuabe'engi,Amõ îudeu-gûyrá sepytera mondebyk
o fecho da porta,okena motakaba,okena mondokaba
para que eu não adoeça comendo-o,Ta xe maran umẽ i gûabo,Xe marãmo t'a'u i gûabo
fiz meu filho dormir comigo,Aroker xe ra'yra,Aîmoîeîok xe ra'yra
dormiu comigo,Xe posé i keri,Oker xe resé
acaso todos os que estavam ali começaram a injuriá-lo?,Opabenhẽ serã erimba'e a'epe tekoara iî a'oîa'oû?,Opá a'epe oîkóbo i moîarûama?
"mas, procedendo de que modo, está-se como amigo do diabo?",Marã oîkóbo-tepe asé Anhanga rembiaûsubamo sekóû?,Marã-tepe Anhanga irũ-tepe oîkóbo?
teve prazer com suas lembranças dos seus pecados antigos?,Ereîmborype nde angaîpagûera resé nde ma'enduasaba?,Oporopotápe nde rekopoxypûera resé?
mentiras surgem,Mo'ema kó omopu'ã,Oîepé mo'ema
procedeu assim para ensinar as pessoas,Oporombo'ebo nãîabé sekóû,Aîpó aîpó oporombo'ebo
eu sou fibroso,Xe raîy-raîyk,Xe ra'ang
oh! que multidão são estes peixes!,Tó te'ĩ kó pirá rekóû mã!,Té! Aîpó pirá kó!
eu sou garrido,Xe araakasyk,Xe rambûer
nós somos muitos,Oré anangatu,Oré retá
um tanto maior,turusu bé'ĩ,i porambûer
fiquei beliscando-a,Aîpĩ-pin,Aîmoîaîu-moîaîu
"encontros das asas, isto é, a parte superior delas, onde fazem a curva e onde nascem as penas maiores",pepó-ypy,îepé-pûera
"na verdade, você negará três vezes ser meu discípulo",Mosapy ipó xe boîáramo nde rekó ereîkuakub,Mosapy îepé xe boîá nde rekó nde rekóû
estátua,abá ra'angaba,ta'anga
esse fez aquele céu que vemos,Kó a'e ybaka îandé remiepîakûama oîmonhang,Aîpó aîpó ybaka îandé repîaka
que eu afaste o antigo proceder para que não esteja no mal,Tekopûera t'aîpe'a t'aîkó umẽne marani,"T'aîpe'a ymã tekokatu, t'oîkó angaîpaba pupé"
quando o sol está no meio do mundo,Kûarasy 'ara pyterype seneme,Ara ybypyri kûarasy oîkóbo
dormiam aflitos,Oker okûapa tekotebẽ suí nhẽ,Okerĩ-a'ub
querendo trazê-los para cá,iké seru-potá nhẽ,Kó sesé i porará-potá
detesto a vida má,Aroŷrõ tekó-poxy,Aroŷrõ tekó-aíba
cal de ostra,reri ku'i,ostrá-kysã
caçôo dele,Aîoîaî,i gûyrá
"enfim, me obedeceram","Rumby, xe rapîá",Aûîé xe rapixara
o esmigalhei,Aîkurubixok,Aîapyk
"mata ótima, de boa madeira",ka'aeté,ybyrá-katu
os homens esvaziam as cuias,Oîmboapy abá kuîaba,Abá kuîa-pûaî
eu tenho covinhas,Xe pygûaî,Xe kûar
tragam também a ingapema!,Ingapema bé peru!,Peîereru ingapema bé!
eu tenho baceira,Xe ybypiar,Xe îurusu
como forma de espantar o diabo.,Anhanga mondyîtabamo,Anhanga monhangymamo
para que nada te deixe ignorante,Te'itenheumẽ mba'e amõ nde motekokuabe'yma,T'oîkó mba'e amõ nde moanhemoangaîpabamo
"vem, ó meu senhorzinho, para que minha alma esteja muito feliz por causa do teu nascimento","Eîori, xe îarĩ gûé, ta sorybeté xe 'anga nde 'aragûera resé","Eîori, xe îurĩ gûé, t'oîmoory-katu xe 'anga nde 'aragûera resé"
tenho palavras ásperas,Xe nhe'engasy,Xe nhe'ẽ-pyrang
coloquei a roupa nele,Aîaó-mondeb,Aîmoîub
a gente reza frequentemente para santa maria?,Oîmongetá-py'i-py'ipe asé Santa Maria?,Sekoabépe asé îeruréû Santa Maria supé?
vou me esconder bem,Aîemĩngatu-pe ká,Aîemĩngatu-katu
"o que traz pestes, coisa pestilenta",mbabyîara,mba'e-poxy-porukar
fingi que não o vi,N'asendube'ym-a'ubi - Fiz que não o ouvi N'asepîake'ym-a'ubi,Aîmonhangy-nhemima
que venha neste dia para aquecer nossa alma,T'our kó 'ara pupé oré 'anga moakupa,T'oú kó 'ara pupé oré 'anga moîoapyramo
"o dia de são sebastião, em que ele morreu, é comemorado pelos cristãos para se santificarem","S Sebastião 'ara, se'õagûera, cristãos oîmoeté oîemotupana",São Sebastião 'ara o îe'õagûera cristãos momorangymbyra i mongaraibypyra
"entrando em seus antigos corpos, fez com que se levantassem imediatamente","Ogûetepûera pupé oîkŷabo, i mopu'ama kûeîeténe","I reté-angûera pupé oîkobé, aûnhenhẽ i moingobé"
"entram grandes espinhos, espetando-lhe a cabeça e perfurando-a toda","Oîké îugûasu, i akanga kutuka, opá i mombuka","Oîké îugûasu, i akanga mondoki, opá i moîuri"
destrói todos os homens,Opabĩ abá mondyki,Aîmoîoîá opabĩ abá
"mas, de verdade",anhẽp'anhẽ,anhẽ-te
são filipe e são tiago são os que devem ser honrados neste dia,"S Filipe, STiago kó 'ara i moetepyra","São Filipe, São Tiago ké ikó 'ara pupé i momorãngatuba'e"
a morte está igualmente entre jovens e velhos,Oîoîá te'õ rekóû kunumĩgûasu suí tuîba'e suí bé,Oîoîá te'õ pitangĩgûasu suí tuîba'e suí bé
amarelecimento,moroîuba,îeapyk
a partilha entre si de suas obras por deus,Tupã resé marã o ekó o îoupé moîa'oîa'okaba,Tupã resé o remimonhanga moîoîebyri
e judas não se afligiu junto aos judeus por entregar a seu senhor?,A'epe Îudas n'oîkotebẽî Îudeus supé o îara me'engagûera resé?,Nd'oîkotebẽîpe îudeus îudeus suí o îara mombe'uagûera resé?
o amo em vão,Asaûsub-a'ub,Asaûsu-te aîkó
o ofício de pedro,Peró rekoaba,Pero remimonhangaba
estou sendo muito miserável,Xe poreaûsukatu gûitekóbo,Xe ra'angaturam
"qual é o nosso consolo, então?",Mba'epe asé apysykabamo a'ereme?,Marãpe asé pysyrõ-katu-ne?
certamente morreríamos antes que contasse às pessoas o que viu,Îamanõ îepémo serã sepîakagûera abá supé mombe'u e'ymebémo,Te'õmo t'îasóbo asé o oma'enduara mombegûabo nhẽ
ainda bem que os três novamente queimarão juntos,Iîá mosapyr-y bé pekaî oîepegûasune,Iîabaíb mosapy îepé oîepé i îeapyk
"por trás da casa, atrás da casa",ó-kupépe,okypé
"ah, vai me beliscar hoje!","Xe pixã korine, mã!",Eîori xe moapysyk kori!
pena de tucano para dança,tukana tá-poraseîa,tuîa'ẽ-a'uba
cobrindo-o com seu véu,Opîá o akangaobĩ pupé,I ku'a pupé i moîeapyk
bom trabalhador,morabuká-katu,mba'eporará-katu
apoio a sua cabeça,Aî'a-kok,Aîoputu'u
"roupa verde, pano verde",aoboby,aoba-tinga
"a terra ferve, ficando a estremecer","Yby obu-obur, otumu-tumunga","Yby-kyî, îepi-pi'i"
sempre vemos suas pegadas,Îasepîak îepi i pypora,Îandé îepi sesé îabé
por isso mesmo as malditas correm como faíscas de fogo,Nd'e'i te'e moxy onhana tatá piririka îá,Nd'e'i te'e moxy tatá-tinga îasûabo
despertando-me do meu pesado sono,Xe keranama mombaka,Xe ker-y-katûagûera suí
sei lá!,Sé ruã!,Aîpó é!
"lentamente, enfim, o homem perde o entendimento; sua vista aguda de outrora desaparece e a fala se torna inútil.","Mbegûé é ko'yté abá tekokuá kanhemi, sesapysopûera kanhemi, o nhe'engabûera ra'ang îepébo","Mbegûé-mbegûé abá îandé tekokuabe'yma, o apysykûera o emi'ĩmbûera, nhe'enga moropotare'yma"
as pedras foram-se quebrando ao meio,Itá oîeká-îeká oîopyterybo,Itá îepe'a-pyranga
"eia, faz-me andar nas minhas virtudes",Xe katûagûama ri ene'ĩ xe mbogûatábo,Xe moingó xe rekoagûera pupé
"seguindo o rastro das mulheres, os índios não desistem","Kunhã rakypûemondóbo, apŷaba n'i apysáî",Kunhã rapépe apŷaba n'opabi
"eia, os temiminós de dia confessam apenas seus pecadilhos","Ene'ĩ, temiminõ 'arybo nhẽ oîmombe'u o angaîpá-mirĩ anhõ","Xe remi'u, 'ara temiminõ nhõ o angaîpá-mirĩ nhẽ oîmombe'u"
vá fazer cair os malditos em nosso laço!,Ekûãî moxy mbo'a îandé îusana pupé!,Eîori muru oré îurupe!
eis que procuramos jesus de nazaré,Iesus Nazareno ikó orosekar,Îesu Nazaréîa îekaraî
ovos de içá,ysá rupi'a,îy'á-y
bolinho de pão,miapé-mirĩ,pirá-pûera
"eva foi muito atraída pelo belo fruto, colhendo-o",Eva onhemomotareté 'ybá-poranga resé iî ykyébo,"Eva oîmboasy-katu 'ybá-poranga, i moîypa"
"aimbirê, venha diante de mim!","Aîmbiré, eîori xe robaké!","Aîmbiré, îori xe robaké!"
"depois que nosso pai não fez primeiro o que deus havia dito, a morte surgiu nele e também em nós.","Tupã 'îaba îandé rubypy i mopore'ym'iré, te'õ 'ari sesé îandé resé béno","Tupã nhe'enga îandé rubypy nd'oîkóî ranhẽ, te'õ osyk i xupé bé îandé resé bé"
vou mesmo ir?,Asóp'ixéne é?,Asó-tepe aîkó?
"nós, enfim, vamos voar para o paraíso",Îandé té t'îabebé Tupãrorypápe nhẽ,"Îandé, îandé, t'îasó paraísope"
veio antes que eu me preparasse,Xe nhemosako'i e'ymebé turi,Oú xe îemomãîa îepé xe remimondûabo
quem trabalha perto de mim?,Xe pyri marãtekoara,Abápe xe porapûan?
está por aí seu pai?,Oubépe nde ruba?,Oîkobépe nde ruba?
os que se salvam em deus,Tupã resé oîepysyrõba'e,Tupã resé i pysyrõba'e
eu estou com uma doença venérea,Xe rakûanhaíb,Xe mba'easy-poranga
botei os ovos,Aîupi'a-mombor,Aîybok
nossa companheira de guerras,Îandé maranirũ,Îandé marana
eu tenho muitas comborças,Xe nhemõîetá,Xe apyrusu
deseja ardentemente ver o nascimento do seu filho que se gera em seu ventre,O membyra gûygépe onhemonhangyba'e 'arama osepîaka'ub,O membyra o membyrápe o membyra o 'aragûera repîaka
homem muito preguiçoso,abá-ate'ymusu,abá-pykatûasu
mulher viúva,kunhã-mene'õ,kunhã-muruîa
que não vejam mais o sol!,T'osepîak-y bé umẽ kûarasy!,T'oîkuab-y bé kûarasy!
por isso mesmo os homens te erigem como dirigente deles,Apŷaba nd'e'i te'e o 'ybamo nde mo'ama,Nd'e'i te'e abá nde moingobamo sekóû
mesmo quem assassina na guerra?,Gûariniãme oporapitiba'e tiruãpe?,Abápe é îukasaba marana pupé?
servi a comida dele,Asemi'u-erokûab,Aîmoîur i 'u
casa de telhas,kamusy-oka,ybyrá-oka
você diz isso com razão,Aîpó eré supikatu,Aîpó ereî'é
"hoje, assim, de modo nenhum impedem nossa estada","Kori, nã, îandé rekó îandé moarûapa angá",Kori n'i apysyk îandé rekóû
eh! onde ele está?,Tó! Mamõpe ahẽ rekóû?,Ne'ĩ! Mamõpe sekóû?
fez passar todos os seus discípulos para as tuas mãos,Opá o boîá nde pópe i mongûapa,Opá o boîá nde pópe o emonã
"serão fedorentos, serão muito podres, corroídos de vermes e de bernes","I nem-eté, i tuîuk-eté, tasoka, ura remimongûyamone","Oîebõ, i poxyreté, mba'e-pytera, ybyrá ri i mo'ẽ-mo'ẽ"
"ah, que bom seria minha morte ao me batizar o padre, antes de eu pecar",Marãîasûaramo temõ abaré xe 'apiramõneme xe angaîpab'e'ymebé xe re'õ mã!,"Te'ĩ xe re'õmo abaré xe moîerokûabo, xe angaîpaba'e'yma"
para que não prejudiquemos os que nos trazem bens,T'i momuru umẽ ma'e îara îandébe,T'oroîmoangaîpa îandé mba'e porasara
a ele a gente pede pelo futuro viver de sua alma?,I xupépe asé îeruréû o 'anga rekorama resé?,I xupé asé îeruré i 'anga resé o îoesé o ekotebẽne?
vou por vontade própria,Xe remimotarybo asó,Asó ixé remimotara
ergui a espinha,Aîpusû'ã-mogûyr,Aîeapyk
então as estrelas cairão aos poucos,A'ereme îasytatá o apakuîamo,A'ereme ybŷá-mbyrá-mbyrá-mbyrá
eu gemo enquanto durmo,Xe keraíb,Xe kerok
enforcador,aîubykara,îubykara
"portanto, ando hoje com o provincial",Angari abaregûasu arogûatá,"Irõ, kori, asó, taba rerekoara"
fachos para iluminar o caminho na escuridão,Sesaý pytumimbyka rupi pé resapébo,muru pytunusupe rapé porakasara
agradeci-o,Aîkugûab,Aîpysyk
que chegue logo ao lugar onde o matarão,T'osyk esapy'a o îukaagûãme,T'osó-nhemondépe i îuká pupé
você se deleitou em seu sonho com ela?,Ereîmborype sesé nde posaûsubagûera?,Ereîporarápe nde 'useîa pupé i xupé?
honrar a deus,Tupã moabaeté,Tupã moîerobîasaba
ainda há pouco,ramo'ĩ,korite'ĩ-a'ub
eu estou muito despreocupado com as minhas coisas,Xe rekó-apepu-pepu,Xe mba'e resé aîkó-katu
eu estou faminto,Xe ambyasy,Xe îukasu
virei a cabeça para um lado e para o outro,Anheakã-mobabak,Aîapyk-apyk
qual era mesmo o nome dele?,Marã-takó ahẽ rera?,Marã-tepe i rera?
enfileirei-o,Asysyrung,Aîmoîaî
todos os habitantes do paraíba,opá Paraibygûara,Paraíba pabŷara
eu não tenho preço alto,Na xe repy-marangatuî,Na xe repy-katuî
o que se honra quando o padre ergue o cálice da missa?,Mba'epe asé oîmoeté abaré itaîukamusi rupireme?,Mba'epe abaré missa kûabusu asé osupi o momorangápe?
não conheço esse homem,N'aîkuabi a'e abá,N'aîkuabi aîpó abá
o cauim te embebedava,Nde mondabeypó kaûĩ,Nde moîepe kaûĩ
o que é igual a algo ou a alguém,îandûara,mba'e amõ resé oîkoaba
os restos de nossos pecados,asé angaîpaba rembyrûera,îandé angaîpaba reîmbaba
"vamos, nós também jejuemos","Pe'ĩ, îandé bé îaîekuakub","Îasó, îandé abé îekuakupab"
"durante a estadia dele no ventre de sua mãe, deus o santificou",O sy rygépe sekó remebé Tupã i mongaraíbi,"O sy rygépe o ekotebẽ gûitekóbo, Tupã i moingobé"
venham voltar para deus,Peîori pebaka Tupã koty,Peîori Tupã supé
"no mesmo dia em que você a comer, cairá a morte sobre você",Ara nde i gûaba pupé bé o'a te'õ nde reséne,Nde i 'u 'ara îabé te'õ nde suí reîtyka
são pedro puxou a espada,S Pedro itangapema osekyî,S Pedro itangapema osekyî
trouxe as velhas de além de magueá,Gûaîbĩ aru amõ Magûeá suí,Agûasu arur Magûeá suí
eu sou peçonhento,Xe ranhasy,Xe angaîpab
eu o amo,Asaûsu biã,Asaûsu
"água cheia, maré alta",ty-apogûasu,y-tyba
vou contar as maneiras de impedi-los,I moarûapaba t'aîmombe'une,T'aîmombe'u i moapysyká-moaba
eu a lavo,Aîpyeî,Aîeîub
destruindo a descendência daquele primeiro homem branco,A'e karaibypy îeapykaba mondyka,A'e abá-tinga ypykuera ra'yra mondyîa
lugar habitual da minha pescaria,xe pindaeîtykatyba,xe pirá-tyba
trago este homem aqui para que o reconheçam.,Ikó abá arur iké ta peîkuab,Aîur kó abá kó i îekokuaabamo
"eu sou moçacara, sou forte","Xe posaká, xe ratã","Xe mosakara, xe ratãngatu"
"o fujão, o que costuma fugir",kanhembora,i abaeté
quem é você?,Abápe nde?,Abápe nde?
muito maior,turusu-katu-eté,i matu'ã-katu
dar também o dízimo daquilo que plantou primeiro,O emitymbûerypy pupé Tupãpotá-me'engano,Oîme'engypyra îepé îepé îepé îepé îepé îepé îepé îepé
"todos juntos, todos de uma vez",oîepekatu,Opá nhẽ
sou leviano,Abebuînhẽ,Xe levîano
será que os homens se tornaram muito maus?,Onhemoangaîpabeté serã apŷaba?,I angaîpabeté-katupe abá rekóû?
quem será que a trouxe?,Abá serã ogûeru?,Abápe serã i poreru?
o que acontece com quem bebe somente o suficiente?,"Oîá nhote kagûarape, marã?",Mba'epe i 'u-katu nhõ oîkóbo?
"que coisas, então, eu fiz hoje?",Marã-marã-pakó îeí xe rekóû?,Marã-mba'e-mba'e-pipó aîpó kori?
sei mais do que você,Aîkuab-eté nde suí,Nde suí îaîkuab
embelezando você totalmente,Opabĩ nde momoranga,Nde moeté-eté
nossa alma está em tuas mãos,Nde pópe oré 'anga ruî,Nde pópe oré 'anga rekóû
meu fogo é o lugar em que você queimará,Xe ratá nde kaîaûama,Xe ratá nde re'õngatu
nasceu para nós hoje,O'a îandébo kori,Îandé resé onhemonhanga kori
de que espécie é isto?,Marãba'e-p'iã ri?,Marãba'epe kó?
"ao examinar a armadilha de alguém, tomo o seu conteúdo","Abá mundé supa, i pora rá",Abá monhangápe aîporará
vou mudar de nome hoje por causa deles,Aîerok kori seséne,Asenõîrar kori sesé
"quem está deitado aqui, aquietando-se?",Mba'epe ké tuî opyka?,"Abápe kó oîepe, onhemoputupa?"
creio na nossa futura ressurreição,Arobîar asé rekobeîebyragûama,Arobîar asé rekobé îepé
"ao chegarem, os pescadores sempre repartem seu pescado com suas amantes ruins, pelas costas de seus senhores","Pindaîtykara îepotasápe, memẽ o agûasá-poxy supé oîmoîa'ok o embiara, o îara kupébo nhẽ","Oîeramanhẽ, pescatara îepi i pirá o me'engiara irũba'e pyri i moîari"
desceu até o centro da terra,Ogûeîyb yby apyterype,Ybypyra pupé ogûeîur
"logo, ao vencer os temiminós, habitantes daqui, eu os frequentarei","Koromõ, keygûara temiminõ moaûîébo, asapekóne","Koromõ temiminõ apŷaba pora, aîporará sesé"
a mim,Ixé supé,xe îepé
que o faça perdoar a nós,T'omoîerekûab orébo,T'oîmoîar îandébo
os chefes velhos sempre lhes falam,Morubixaba tuîba'e onhe'eng memẽ i xupé,Morubixaba tuîba'e memẽ i xupé
aquela lei nova me incomoda muito.,Xe moaîu-marangatu aîpó tekó-pysasu,Xe moasy-katu aîpó tekó-pyaugûera
que está deitado aqui?,Mba'epe ké tuî?,Mba'epe kybõ iké?
vocês queimarão em conjunto,Pekaî oîepegûasune,Pe rapixá îoesé
eu não vou durar muito,Na xe rekosûeri,Na xe rekobéî pukuî
faço papinha para ela,Aîka'u,Aîapyk
caminho impraticável,pé-aíba,pé-aíb
vamos falar baixo para que os índios não percebam,Mbegûé îaîomongetá t'onhandu umẽ abá,"T'îaîepe'a, abá n'oîkuabi"
filhote de cão,îagûara'yra,gûyrá-îeîu
"vinham mulheres, suas discípulas, pranteando-o",Osó kunhã semimbo'e-etá sapirõmo,"Our kunhã, o boîá, i mo'ang"
não existem mais todas as suas antigas terras; desde então não contêm muita coisa,N'i tybangáî setãmbûera Opá akûeîme n'i poretáî,"Na oîkóî îepi opabẽ pe retama, a'e suí mba'e-katu n'oîkóî"
você terá a alma limpa,Nde 'ã-kytyngokyne,Nde 'anga-opotar
eu o parti ao meio,Oîopytera rupi aîasy'ab,Aîmoîoîoîoîoîoî
"corda de panacu, que passa pela cabeça de quem o leva.",panakũ-sama,"panaku-îara, i porasara akanga rupi"
a água se transformou em vinho,Y anhẽ monhangi kaûĩnamo,Y gûaîbyra morubixa
dizem que o homem fez assim antes,Emonã îé abá rekóû rãé,Supi abá rekóû sekóû ra'e
remédio para nossos antigos desejos sensuais,moropotaragûera posanga,îandé remimotaryba moîoîebyra
"não fomos nós, mas nossos subordinados","Na oré ruã, oré kyra é","Na îandé ruã, îandé boîá ruã"
aí é que está! eu estou surpreso por sua causa,Aîpó nhẽ! Xe putupab nhẽ nde ri,Aîpó é! Xe resapy'a nde resé
você sofreu a morte,Te'õ ereîporará,Nde reîkó te'õ
"levantem-se, vamos ao seu encontro","Pepu'am, t'îasó sapépe sobaîtĩamo","Peîesupã, t'îasó nde ri"
sendo ele bom,okaturamo,I angaturamo
reflexo ou resplendor do mar,paranãendy,paranã resabana
a água benta é a causa da fuga do diabo,Anhanga nhegûasembaba 'ykaraíba,Y-karaíba Anhanga mombyry
estou levando carga,Ambosyî,Aîporará
eu tenho o cachaço grande,Xe aîurupygûasu,Xe îuru-katu
eu estou estendido,Aîepysó gûitupa,Xe apysyk
"meu ex-marido há de ser, certamente",Xe mendûera ipó re'ĩ,"Xe mendûera oîkóne, nipó"
bom remédio,mosãngatu,mosanga-katu
não venho com a intenção de que me alimentem,Aîur ta xe poî na ûi'îabo ruã,Na xe ruri ruã ruã
"não teve mãe, não tem corpo e não teve começo","N'i xyî, na setéî, n'i ypyî","N'i syî, n'i retéî, n'i tekóû"
quem tem olhos que são luxuriosos,sesá-poropotaryba'e,i poropotara resé
eu tenho a casca estalada,Xe pé-pok,Xe pirá-pyr
que somente eu te ame,Nde anhõ t'oroaûsu,Nde raûsu nhõ t'oroîoaûsu
"eu sou o que é antigo, o de tempos atrás",Erimba'endûarûera ixé,Xe rekó-mbûera
me quebrei,Aîeká,Aîepe'a
por que você bate em mim?,Marãpe erepûar xe resé?,Marãpe xe ri ereîuká?
eu tenho pernas tortas,Xe retymãnhemang,Xe py-pyr
ainda que eu já fosse,Aûîebé-te xe só-umani,Asó îepémo nhẽ
estamos sempre com você,Nde resé memẽ oroîkó,Oronhemosapy'a memẽ nde resé
é por isso que vocês o batizam junto ao padre,Aîporama resé é peîmongaraíb abaré pyri,Nd'e'i te'e peîmoîebyri abaré pyri
"e, ao partir muitas vezes a hóstia em pedaços, está nosso senhor jesus cristo em cada pedaço?",A'epe abaré hóstia pese'õ-etá-etáreme i pese'õmbûera îabi'õ Îandé Îara Îesu Cristo rekóû?,A'epe hóstia îepixûereme iî ybŷá pupé Îandé Îara Îesu Cristo rekóû?
vou procurar meu pai,Asó xe ruba pé,Asó xe ruba sapápe
habitante de fronteira,tatobapyygûara,ybyri
amarrem os malditos!,Peîpûá muru!,Peîapytĩ muru!
quando foi visitá-la? - por ocasião da gravidez de seu filho são joão,-Erimba'epe i xóû i xupa? -I membyra São João rurureme,-Marãpe i gûitá? -O membyra São João muru'ama ri
enseada ou baía do mar,paranãngûá,paranã-y-y-y-y-y-y-y-y-y-y-y-y-y-y-y-y-y-y-y-y-y-y-y-y-y-y-y-y-y-y-y-y-y-y-y-y-y-y-y-y-y-y-y-y-y-y-y-y-y-y-y-y-y-y-y-y-y-y-y-y-y-y
muito bem!,Aûîé ipó!,Aûîé-katu!
por que a gente reconhece o dia dos santos?,Marãnamope asé santos 'ara kuabi?,Marãnamope asé santos 'ara îekokuabe'yma?
"derramando o seu sangue, começaram a açoitá‐lo","Sugûy mombukapa, îaînupã-nupã","Sugûy îepe'a, i moîarûama"
eis que até mesmo murmura contra deus,Tupã resé tiruã kó nhe'enga reîtyki,Tupã supé bé oîmoîoapixá
eu me retiro quando vou,- Xe rembyrĩ gûixóbo,Xe só-mondok
você está dentro de uma casinha,Ó-mirĩ pupé ereîkó,O'okaîbĩ pupé ereîkó
"quem o fez outrora, começando a pronunciá-lo?","Abápe aîpoba'e oîmonhang erimba'e, sa'angypŷabo?","Abápe oîmonhang erimba'e, i mombe'u-monhangy?"
trouxe todo o peixe,Aru-pab pirá,Aîurá pirá opá
minha casa está escura,I pytun xe roka,Xe roka pytunusu
"você forçou alguma mulher, sendo astuto com ela?","Ereîukaípe kunhã amõ, sesé nde ara'apy'iramo?","Ereîmoîoîebype kunhã amõ, i moapysykûeramo?"
não sei,N'a'ekatuî,N'aîkuabi
"ah, transgredi muitíssimo as palavras de meu criador!",Aîaby-eteté xe monhangara nhe'enga mã!,Xe monhangarugûera nhe'enga aîubeté!
você furtou na roça do seu próximo?,Eremondarõpe nde rapixaba kópe?,Ereîrobá-pipó nde rapixara reîa'apûera?
de maneira nenhuma,-Setápe asé nhemongaraíbi? - Aani - A gente batiza-se muitas vezes?,n'i tybi
experimentei a palavra de deus,Tupã nhe'enga asa'ang,Aîporará Tupã nhe'enga
desci com eles.,Aroapy'am,Aîur sesé
coisa enlameada!,Mba'e-u'uma!,mba'e-momburu!
"por isso mesmo, eles não se deleitam com as coisas boas",Nd'e'i te'e mba'e-katu resé oîekosube'yma,Nd'e'i te'e mba'e-katu resé n'oîmoîoîáî
uns aos outros,o îoupé-upé,o îoesé
você vai definitivamente,Eresó nhẽ peũî,Osó îepé
corto a pele dele,Aîpi-mondok,Aîapyk
vou buscar água,Y piaramo asó,Asó 'y rerobá
você ficou maravilhado com a visão de homens belos?,Nde angerasópe abá-porangepîaka?,Ereîmomborype abá-poranga repîaka?
faremos o que ele fez,Semimonhangûera îamonhangyne,I rembiaûsubamo îaîkóne
caço,Aka'amondó,Aîeîa'ok
"minha nação, outrora, estava de acordo com a cultura original","Xe anama, erimba'e, tekó-ypyramo sekóû","Xe retama erimba'e, tekokatu abypy rupi é"
sou vistoso,Xe arũaíb,Xe porang
mas chorem por vocês mesmas,Peẽ aé-te peîeapirõ,Pe îase'o-te pe îoesé
vamos pelos seus rastros,Sakypûera rupi é îasó,T'îasó i pyri
aqui vem um urutaurana,Ké urutaûrana ruri!,Kó turi urutaurana
o lacei pelo pescoço,Aîaîurar,Aîapyk
fazendo-os levantar imediatamente,I mopu'ama kûeîeténe,Aûnhenhẽ i moingobébo
baliza do caminho,pé kugûapaba,pé-pûera
"daí ia para longe, frequentando outras aldeias","Kûé suí asó mamõ, amõ taba rapekóbo","A'e suí asó, amõ taba rapixara"
amarraram-no com toda uma corda,Opá sama pupé i apytĩû,I îuru-pyrybõ îaîub
"ao comer junto dos seus discípulos, o pão devolveu-se como seu corpo kapi'ĩ sosé kó tuî, tapi'irusu karûápe - eis que sobre o capim ele está deitado, no lugar em que a vaca come","Gûemimbo'e pyri o karûápe, miapé moîebyû gûetéramo","O boîá pyri o emi'u'upaba'e pyri, miapé o 'yba kapi'ĩ sosé kó tuî, tapi'irusu karûápe - kó kapi'ĩ 'arybo oîeîtyka, gûaî 'uîápe"
você está no paraíso para sempre.,"Endé, Tupã rorypápe aûîeramanhẽ ereîkó",Paráîsope ereîkó îepé
considerem-no vontade; considerem-no para matá-lo,"Perekó potasábo é, perekó i îukábo",Peîkuá tekóû
morcegão voador,andyragûasu-bebé,mosanga-poranga
vim do céu pelo interior de suas ocas,Aîur ybaka suí pe rokybỹîa rupi,Aîur ybaka suí nde kûapaba rupi
o que se envergonha,otĩba'e,i nhemima'e
sou leve,Abebuîkatu,Xe porang
eis aqui também a ingapema pintada,Kó bé ingapé-kûatiara,Kó bé ingapema-pûera
"mas, de fato, colocam vinho dentro dele?",Kaûĩ aé ruã-tepe ybŷá onong i pupé?,A'epe épe ybype ybŷá i moîy?
catei-lhe a cabeça,Aî'abiú,Aî'a-pûaî
abundava o amor de deus em seu coração outrora,Tynysẽ Tupã raûsuba nde nhy'ãme erimba'e,O py'ape Tupã raûsupab erimba'e
ele não foi mesquinho antes da sua vinda aqui diante de mim,Na sa'ubi iké xe robaké nde rur'e'ymebé,Na i pûaîubykîari kó xe robaké nde rari
não irei,Asó umẽpe ky,N'asóî
"alguns somente, outrora, morreram meninos",Mbobyrîõ ipó erimba'e kunumĩ kanhemi,Amõ anhõ kunumĩgûasu îanondé i îubane
que ele não fique ofegante por minha causa,T'e'i tenhẽ umẽ xe ri o îuru'aramo,T'oîepé-mirĩ xe resé
o diabo te incomoda,Anhanga nde moabaîté,Anhanga nde moasy
homem ignorante,abá-tekokuabe'yma,abá-aîubyk
seu filho se poluiu outrora porque você o desejou?,O'ẽpe erimba'e nde membyra nde i potasápe?,Oîepé-poxype nde membyra nde remimotare'yma resé?
resgatando totalmente seus antigos pecados,O angaîpagûera repyme'enga-mbapa,Pe rekopoxypûera repy-pyramo
nos aproximamos um do outro,Oroîoerobyk,Oroîoapyk
espera! que venha o maldito primeiro,"Enhambé! T'oú-te muru, ranhẽ",Erenhẽ! T'oú muru tenhẽ
sua mãe levou dois filhotes de pomba como oferenda,Mokõî pykasu ra'yra i xy ogûerasó îetanongabamo,O sy mokõî gûitu'ĩ ogûeru îabi'õmo
"aquele, de fato, não é diferente da cobra",Aîpoba'e tenhẽ n'oîabyî mboîa,Aîpó n'i îepéî mboîa suí
"você deve confessar primeiro sua atração por eles, no que diz respeito aos casados, depois",mendasara resendûara tekori,"Ererekonfesá-katu tenhẽ sesé nde mendara resé, a'ereme"
estes teus servos são maus; não me tratam bem,"I angaîpá kó nde boîá, na xe rerekó-katuî","I angaîpab kó nde boîá, na xe rapixá-katuî"
que nos leve ao seu lugar de felicidade para nos fazer regozijar consigo,T'îandé rerasó o orypápe o îoesé îandé moîekosupa,T'oré rerasó o tekobé îandé moorypa
o que disseram seus adversários ao irem?,Marã e'ipe supîarûera osóbo?,Marã e'ipe nde ri o apixara osóbo?
meu nome é muito terrível,I abaeté-katu xe rera,I abaeté xe rera
meu avô jaguaruna,xe ramũîa Îagûaruna,xe ramũîa Îagûaruna
por qual estado transparecia a sua angústia?,Marã sekó resépe i angekoaíba îekuabi?,Marã e'ipe i nhyrõ-mondykaba?
lancei a âncora,Aîtyk itasama,Ankará aîur
não se arrependeram alguns de seus vitupérios depois de o injuriarem?,Nd'oîmoasyîpe amõ o nhe'engaibagûera iî a'o ré?,Nd'oîmoasyîpe amõ nde moxy i moîarûera ré?
antes sua ida para junto dele no céu do que sua ida para o inferno,Ybakype i pyri o só îanondé Anhanga ratápe o só suí,Serã ybakype i pyri i sóû Anhanga ratápe i sóû suí
não seja mentiroso por causa de ninguém,Nde remo'em umẽ abá resé,Erenhemomburu amõ resé
alegrando-se com a morte de alguém,Abá re'õagûera resé og orybamo,Abá re'õ resé onheroryka
"viemos festejar você, deixando de lado nossa maldade","Oroîu nde momoranga, ore aíba reropó","Orogûeru nde momorangápe, oré poxy moîepémo"
"enfim, à sua esquerda estão os que foram pecadores",Aûîé i asu koty é i angaîpaba'epûera oîkóbone,"Aûîé, nde poxyrápe oîkóbo angaîpaba'e"
procedo muito mal,Marã-marã tenhẽ aîkó,Xe rekó-aíb
ainda bem que morreu,Iîá omanõmo,Iîabaíb é i îepi
hoje eu deveria ir,Kori monẽ asó,Kori xe sóû
vamos devagar para fazer o assalto,"T'îasó, mbegûé, îapu'ama",T'îasó mbegûé-mbegûé îasûara
eu tenho raízes,Xe rapó,Xe rapy
vivo de mariscos,Paranãmbora ri aîkó,Gûaîu-ybyra pupé aîkó
estou acostumado,Sekoba'e ixé,Aîporak
"a que se assemelha essa graça, o meio de torná-los bons?",Mba'e nungarape aîpó graça i moangaturãsaba?,Mba'epe aîpó graça i angaturama moingóbo?
"o grande chefe aimbirê, o pervertedor dos índios","Tubixá-katu Aîmbiré, apŷaba moangaîpapara","morubixaba-katu Aîmbiré, apŷaba moangaîpaba"
que sua pureza seja igual em mim,Nde poropotare'yma t'oîakatu xe resé,T'oîkó i purueté xe resé
"por ti suspiramos, gemendo",Nebe oronheangerur oré poasemamo,"Nde resé oroîeapyk, oroîemombo'e"
"seu sangue era muito, escorrendo no chão",Sugûy turusu ybype osyryka,"Sugûy-katu, ybype osyryka"
"me apoiando na valentia de vocês, quero ir","Pe ratãngatu resé gûiîekoka, asó-potá","Pe kyre'ymamo nhẽ xe remiekoaûîé, asó-potá"
amontoado de pedregulhos,itakurubi-tyba,itá-pyranga
"suportando a escuridão, estamos muito aflitos","Putunusu porarábo, oroîkotebẽngatu",Pytuneme orosubiré-katu
não o temam,Peîpoûsub ymẽ,N'oîkuabi
"comeu aquele fruto, causa da morte, que deus dissera?","O'u nhẽpe a'e 'ybá, tegûama, Tupã 'îaba?","A'upe a'e 'ybá, te'õîagûera, marã e'ipe Tupã?"
"transgrediria o homem a palavra de deus, conhecendo-os assim?",Oîabypemo abá Tupã nhe'enga emonã sekokuapa?,"Oîabype abá Tupã nhe'enga, a'epe i kuapa?"
o lado direito dele,iî apé,i 'ekatuba
"a cova da lebre está limpa, como se vê",I pe'ybĩ nakó tapiti kûara,I katu reîa reîa
quantos são os chefes principais por aqui?,Mobype tubixá-katu kybõ?,Mbobype morubixaba kóbo?
apanhei-as,Aîapûapyk,Aîerok
bolota de sal.,îukyrapu'a,u'u-pûera
continuei a contar isso,Aîkuabe'u-be'u,Aîmombe'u-nhemim
"aquele que entrega os reféns, o redentor",morepy me'engara,oîepysyrõmeîara
"e onde está aquele limbo, morada das crianças que não foram batizadas?",Umãmepe a'e putunusu pitanga nhemongaraibypyre'yma rekoaba rekóû?,A'epe a'e limbo pitanga i mongaraibypyra'yma renda?
você bateu com um pau na sua esposa!,Ereropûar ybyrá nde remirekó resé!,Ereropu'ã-po'i nde remirekó resé!
eu fico me levantando na ponta dos pés,Xe pyta'ã-ta'am,Xe py-pyri aîeatyk
o que seria morto,miîukarambûera,i îuká-mo'angyramo
eu tenho o andar escarrapachado,Xe atá-îaî,Xe py-pyr
viram também a sua própria formosura,O aysó abé osepîak,O poranga bé o repîak
"o que é raro, poucas vezes visto ou que não se encontra a cada passo",setapokãba'e,i rarõmbyra
coisa rapada,mba'e-apina,mba'e-pyranga
"caem, às vezes, os frutos das suas árvores, ainda sendo flores",Okuî rakó amũme 'ybarambûera o 'yba suí ybotyramo oîkóbo bé,"Oîepe'a amõ 'ybá ybyrá 'y, kûarûera bé"
devemos ir à árdua guerra?,T'îasó maranatãûãme?,T'îasó amõ marana resé?
corte-o pela base,Iî aŷpy rupi eîasy'ab,Eîmoîaî-pyrama rupi
deus o tomou,Tupã tari,Tupã i gûeru
você ajudou alguém em um roubo?,Ereîpytybõpe abá mondá resé?,Ereîpysyrõpe abá mondá resé?
você vomita cauim?,Ereîmoîebype kaûĩ?,Ereîmoîekype kaûĩ?
o que outrora transformou em mundo?,Mba'epe erimba'e oîmonhang 'aramo?,Mba'e-mba'epe erimba'e 'ara moingoaba?
"será que nosso senhor estava muito angustiado, rezando a ele por muito tempo?",I angekoaí-katu serã Îandé Îara i mongetapukûabo?,"I abaetépe Îandé Îara rekóû, îepé îeruréû-katu i xupé?"
não pode alguém casar-se com seu parente verdadeiro?,Nd'e'ikatuîpe abá o anameté resé omendá?,Nd'e'ikatuîpe abá o mũeté resé omendá?
"que eles hoje nos perdoem, dando anzóis","T'i nhyrõngatu kori îandébo, pindá me'enga","T'osapîak îandébo kori, îanzó me'enga"
"você teve polução, tendo desejos sexuais?",Erenhemoa'ypupukype nde poropotaramo?,Ereîkópe nde rekopoxy-potá?
muitas chamas de fogo,tatá-endy-etá,tatá-atá
"os temiminós, de dia, confessam apenas seus pecadilhos",Temiminõ 'arybo nhẽ oîmombe'u o angaîpá-mirĩ anhõ,Temiminõ 'ara pupé nhõ o angaîpá-mirĩ o emombe'u
"seus amigos, os franceses, trouxeram armas de fogo em vão","Saûsupara, aîuruîuba, mokaba ogûeru tenhẽ","I amityba'e, iî fransé, itaba'e reru tenhẽ"
"havemos de chegar ao céu, ao lugar em que você se revela.",T'orobasẽne ybakype nde îepîakukasápe,"Ybakype t'orogûasûáne, nde îepîakaba pupé"
pensa em vir para assustar vocês,Oú-mo'ang pe mondyîa,Eîori pe îosuí
derrame suas lágrimas por detestá-los,Nde resa'y eîmondyky seroŷrõsápe,Eîmo'ẽ nde resa'a i nhemomotaramo
"o diabo te agasta, tendo medo de ti","Anhanga nde moabaîté, nde suí osykyîébo","Anhanga nde mo'ar, nde raûsupa"
"diante deles, os diabos se ajuntavam, querendo engoli-los","Sobaké Anhanga onheŷnhanga, i mokona motá","I xupé anhanga oîoîebyri, i mo'u-potá"
vem para amedrontá-lo,Eîori i mosykyîébo,Eîori i moîo'o
sou um homem manso,Abanherane'yma ixé,Abá-angaturama ixé
eu tenho vermes,Xe rasok,Xe apyr
curral dos porcos,taîasu rokaîa,taîasu-kûar
cortei um pedaço dela,Aîasy-'ab,Aî'a-pytá
meu senhor!,Xe 'a!,xe îara!
tomara que eu não seja o primeiro a morrer,N'aîkóî ipó irã tuîba'eramo ranhẽne re'a,Xe ranhẽ t'onhẽ ranhẽ xe re'õmbûera
furna em penedos ou rochas,itá-kûarusu,itá-pyranga
"será que os que o levaram insistiram muito, então, e ficaram a gritar?","Oîeîukaaíb-eté serã serasoaretá a'ereme, oposẽ-posema?","Oîepysyrõ-katupe serã i porasûara a'ereme, osapukáne?"
amarrei-lhe as pernas,Aîkupy-pûar,Aîapytĩ-pytĩ
que sejamos dignos do lugar futuro do nosso regozijo,T'oré angaturãne oré îekosubagûama ri,T'oroîkó îandé rorypabẽ suí
"chamei-o, de fato, mas nem por isso veio",Asenõî nakó naeroîaî turi,"Aîpîaká-te, a'e ruã n'oîuî"
canto dela,sendybangã,i kûar
eu sou muito perebento,Xe peré-pereb,Xe porangeté
"vou me vingar dele no futuro, certamente",Aîepyk ipó irã seséne,T'aîepysyrõne îepé irã
não confio em macaxeiras,Nd'arobîari Makaxera,N'aîerobîar macaséira resé
barrei a casa com terra,Oka aîyby-apetek,Aîtyka'ẽ-ky'a
"detestando-os muito, trate-os muito mal","I amotare'ymetébo, perekoaí-aí","I anhangabeté-katu, i moangaîpabeté-katu"
você não tem o coração despedaçado de aflição,Tekotebẽ suí nde nhy'ã-boke'ymi,Nd'ereîkóî py'a-poxy tekotebẽ suí
o que se compraz em seu sonho mau,O ké-poxy omboryba'e,o moasy-aíba pupé i moîerokûara
raro,pokangi nhõte,rarõ
"atravessando o céu, foi, deixando você","Ybaka rasapa, osó, nde reîá",Ybaka rupi osó nde reîá
"eu açoito gente, de costume",Xe poronupã îá,Xe apopé-pûá
vou a pé,Xe py resé nhẽ asó,Asó pyterĩ
se aquecendo perto do fogo,Tatá ypype oîepegûabo,tatá rupi onhemopyrybõmo
"meu senhor, eis que não sou digno de que você entre no meu coração","Xe îar, na xe angaturami ã a'emo ereîké xe py'ape","Xe îara, n'aîkóî aîpó xe py'ape nde roîkébo"
acusando uma mulher para seu marido,Kunhã kuaûká i mena supé,Kunhã moapîá o mena supé
para quem a gente reza pela felicidade futura de sua alma?,Abá supépe asé îeruréû o 'anga rekokaturama resé?,Abápe asé îeruréû o 'anga rekóû?
bem feito! ambos queimarão juntos,Iîamuru! Mokõîbé pekaî oîepegûasune,Iîabaíbeté! Opá oîokaî îepé
"quando vim, encontrei o que havia guardado","Xe rureme, asobaîtĩ xe remierekopûera","Xe ruri xe rekóû, aîporará"
e este?,A'e-p'ikó?,kó-tepe?
digo novamente,A'é benhẽ,A'é bé
"assim como esta água lava o corpo da gente, aquela também","Akó 'y asé reté moîasuka îabé, akûeîa îabé","Akó 'y asé reté moîe'o-moîaîa îabé, aîpó abé"
a crença na dança enche os corações deles,Moraseîa rerobîara i py'a îaîporaká,Moraseîa rerobîara opá nhy'ã-mondyka
"por outro lado, semelhantemente, o próprio mar será mais terrível do que costuma ser",Kokoty paranã aé rame'ĩ o abaetéramo erimba'e gûekoagûera sosé,Kokoty paranã aé-te i abaeté îandune
arrepende-se muito dos seus pecados no seu coração,Omboasy-katu o angaîpaba o py'ape,Eîmoasy-katu nde angaîpaba nde py'ape
você esfregou seu pênis excitado?,Ereîkytykype nde ragûyrõ?,Ereîmoîype nde membyrá-moîy?
medi a profundidade dele,Atypy-a'ang,Aîkuapîar
mas esses não se esforçam por aprender sempre?,N'osa'angi-tep'akó nhembo'e ko'arapukuî?,N'oîkó-pipó-tepe aîpó o mbo'esara memẽ?
isso mesmo,ebokûeîba'e a'e,Aîpó nhẽ
"oh, não acredite neles!","Ahẽ, teumẽ serobîá!","Ne'ĩ, t'ereîerobîá-te!"
"espere! que o maldito venha primeiro, vindo com sua ferocidade","Enhambé! T'oú-te muru, ranhẽ, o nharõ rerobasema","Erenhẽ! T'oú muru tenhẽ, o angaîpaba reru"
quero muito apanhá-las com os que atacam as pessoas,Aîpysy-potá-katu morepenhandara ri,Aîpoba'e-katu asé poraûsubara pupé i xupé
"e os rapazes que perseguem mulheres, fugindo sempre?","A'epe kunumĩgûasu kunhã oîmomosemba'e, onhegûasema memẽ?","A'epe kunumĩgûasu kunhã mokanhema, memẽ osóbo?"
tenho os olhos enevoados,Xe resá-oby,Xe resá-pûar
insisti,Na xe apysáî,Aîeruré
por que ele vive tendo coisas boas mais do que eu?,Marãmo ahẽ rekóû o mba'ekaturamo xe suí?,Marãnamope sekóû tekó-katu xe suí sekóû?
"suas palavras transgrediam muito, amaldiçoando-o","I nhe'enga abŷabo-tekatu, i momburûabo","I nhe'enga i moasy-katu, i mo'anga"
esmaguei-o,Aîkumirik,Aîaputu'u
voo como este vento,Abebé kó ybytu îá,Aîub kó ybytu îabé
amarre sua rede ao meu lado,Eîotĩ nde kesaba xe porupi,Eîmonhang nde rapé xe pyri
eu também sou um porco,Xe abé taîasugûaîa,Xe abé gûy
pus o sapato,Aîpyapasá-mondeb,Aîeapyk
dei coisas a outra pessoa que não era meu pai,Aîme'eng mba'e xe ruba taté nhẽ,Aîme'eng mba'e amõ xe ruba n'i îabé
lembrem-se das almas dos falecidos,Penhemoma'enduar ambyra 'angûera,Penhemoma'enduar i abaeté 'anga resé
não querendo transgredir a boa lei,Tekó-katu aby potare'yma,Tekokatu-katu moasûabo n'oîpotare'yma
ao amanhecer,ko'ẽme,ko'ẽ-îeapyk
sei fazer isso,A'ekatu eboûinga resé,Aîkuabé aîpó
ele me deixou sem palavras,Xe nhe'ẽmbyk ahẽ,Xe nhe'ẽ-pûaî xe reîá
acreditem um pouco mais nele,I pyrybé perobîá,Peîerobîá-mirĩ-mirĩ
"descansa, o maíra não é muito forte.",Nde pytuẽ Na satãngatuî maíra!,"Eîepi, para nd'oîar-etéî"
como deus fará com os que os cumprem?,Marãpe Tupã i moposara rerekóûne?,Marãpe Tupã o îepîakara rekóû?
"na noite em que ele estava preso pelos judeus, os cristãos não estavam felizes","Putuna îudeus i pysykagûeramo sekóreme, cristãos rorybe'ymamo","Rumby îudeus resé oîmonhangymbyra pupé, cristãos n'oîkóî"
assim que eu vou,Xe só abé,xe só îepi
"como isto, como este",koba'e îá,kóbo
barrancos,yby'ã-by'ama,kûesé
não honram seu criador,N'omoetéî o monhangara,O monhangara nd'oîmoetéî
vou atacá-los depois disso,A'e ré t'asepenhan!,Aîmoîoapyk a'e ré
estou com dores de parto,Xe membyrasy,Xe membyrasy
o diabo sempre nos toma a dianteira,Îandé rokesỹ memẽ anhanga,Anhanga îandé renondé îandé renondé
"você, ao contrário, obedeça a ele!",-Esapîá-te!,"Nde-te, a'e resé eresóû!"
veja minha doença para que se compadeça de minha alma,Esepîak xe mara'ara t'eresaûsubar xe 'anga,Xe mara'ara ema'ẽ xe 'anga supé t'oîmoîoŷrõne
tendo também coroas vermelhas e brilhantes,Akanetá-pyrã-beraba reroínano,Korona-pûera-pûera bé oîkóbo
rio direito,y-atã,y-apysyk
"depois disso, vamos hoje quebrar as cabeças dos reis",A'e ré kori îasó tubixaba akanga kábo,A'e ré kori îasyká îara akanga
"eu sou guaixará, bebedor de cauim, comedor de gente, queimador de gente, diabo trucidador de gente","Gûaîxará kagûara ixé, morûara, moroapŷara, anhanga morapitîara","Xe gûaîxará, kaûĩ-porara, moranga, moranga, anhanga morapitara"
"se humilha, arrependendo-se de suas maldades","Onhemomboreaûsub, o angaîpaba moasŷabo","Oîemomorangetá, o angaîpaba repîaka"
meu coração está palpitando,Xe py'a-tytyk,Xe py'a-pupuka
a sela do cavalo,kabaru repanakũ,ka'a-pyrama
eu o ralo,Aseé,Aîputu'u
nem por isso se importa com o resgate de seus antigos pecados,Ndaeroîaî o ekoangaîpagûera repyme'engagûama resé o putupabamo,Nd'e'i te'e pe angaîpá-mbûera repyramo nhẽ peîmoîa
ele está feliz,Soryb,I porará
agora eu pereço,Akanhem kó ixé re'a,Ko'yr xe re'õ
"tendo medo, você faria bem","Esykyîébomo, ereîkó-katumo","Oîoîá-katu é, ereîkó-katu"
"fazemos passar as flechas dos malditos, esquivando-nos diante deles","Îamongûá moxy ru'uba, i xupé îaîemoîtỹamo","Îaîmo'ar moxy 'ypa'ũ, i suí îandé moaûîébo"
"naquela época, depois que o mundo foi criado",Akoraka'e 'ara nhemonhang'iré,"A'eîbé 'ara, 'ara monhangymbyragûera ré"
devemos anunciar futuramente a sua partida,T'îaîmombe'u é irã i îepaboka,T'îaîmombe'u-katu nde só
orando a deus,Tupã supé ûiîerurébo,Tupã mongetasébo
derrame suas lágrimas,Eîmo'ẽ nde resa'y,Eîmo'ẽ nde resa'a
se for assim,emonãneme,a'epe é
que bom seria se eu fosse!,Marãîasûaramo asó mã!,Asó meémo mã!
mas olhe primeiro! olhe cá!,Ema'ẽ-te ranhẽ!,Ema'ẽ-te ra'u! Ema'ẽ-te aîpó!
matemos meu marido e então nos casemos um com o outro,"T'îaîuká xe mena, a'ereme t'îamendar îandé îoesé","Îaîuká xe mendara, a'ereme îasobîá"
"oh, por acaso isto é o diabo?!","Îu, anhangap'ikó ri?!",Anhanga é kó mã?!
o esfalfei,Aîmoa'ypab,Aîapapyk
você tomou alguma coisa de alguém sem razão?,Ereîar tenhẽpe abá mba'e amõ?,Ereîarûápe abá mba'e amõ resé oîkóbo?
reconciliei-os entre si,Anhonongatu o îoupé,Aîmoîoîoîoapyr
que me guarde sempre,Ta xe rarõ memẽ îepi,T'oîepysyrõ îepé xe pysyrõ
deus se revelará a mim,Tupã îepîakukari xebene,Tupã îepîaká ixébe ixébo
por que ele vive tendo coisas boas mais do que eu?,Marãmo ahẽ rekóû o mba'e-katuramo xe suí?,Marãnamope sekóû tekó-katu xe suí sekóû?
vem me governar,Îori xe rekomonhanga,Eîori xe moapysyk
sairão dali no futuro?,Osem-y bépe irã a'e suíne?,Osó-pipó ké suí amõ 'ara pupé?
a que é alforriada,i mokunhãetepyra,i mo'arugûera
"o que não tem mãe, o órfão",sye'yma,sy'a'u'i
você pensou em alguma mulher?,Nde py'anhemongetápe kunhã amõ resé?,Ereîmosa'ang-ype kunhã amõ resé?
eu os castrei,Asapi'anupã,Aîapyr
"estas rãs, minhas presas, para que você as coma","Ikó îu'i, xe rupîara, t'ere'u","Kó rã, xe rembiarama, t'ere'u"
vamos ver se realmente fará algum milagre diante de mim hoje,Oîmonhang ipó kori milagre amõ xe robakéne re'a,T'îaîkuab ko'yré xe renondé amõ setá-porangamo
no seu ventre deus recebeu seu próprio corpo,Sygépe o eterama Tupã tari,Og tybakype Tupã o reté ogûerobîar
"não o deixe afastar daqui, minha morada",Eseîyî-ukar umẽ iké suí xe retama,Eîpe'a kó suí xe roŷa
ele morrendo,omanõmo,Omanõmo
"outrora, as pessoas preferiam que as matassem?",Oîpotarĩ-p'amẽ abá erimba'e o îuká?,Oîkóbo asé îuká-potá?
"sou guaixará, bebedor de cauim, grande cascavel, onça, trucidador de gente","Gûaîxará kagûara ixé, mboîtiningusu, îagûara, morapitîara","Gûaîxará kagûara, kaûĩ-katu, îagûara, morapitîara"
"você empregou alguém em dia de feriado, obrigando-o a trabalhar?",Ereîmoingópe abá 'aretéreme marã i moporabykŷabo?,"Ereîmonhangápe abá 'aretépe, sesé nhẽ i moîeruramo?"
vou louvar muito meu pai,Aîmoeté-katupe xe ruba ká,T'aîporandu-katu xe ruba
vou me aproximar bastante dela para ver bem sua beleza,Aroby-katupe ká i porangepîá-katûabo,Aîké-katu sesé i poranga repîaka
consolar os aflitos,Oîkotebẽba'e moapysyka,Oporoîebyîara moasy
eu estou caindo de sono,Xe kerapará-parar,Xe kerĩ-kerĩ
eu o levei secretamente,Arasó-nhemim,Aîerur-y
"queimo você hoje, como de costume!","Oroapy kori, îandu!","Asapy kori, îandé îandune!"
"primeiro, vou adiante de vocês como espião de vocês.","T'akûáne pe renondé, pe manhanamo, ranhẽ","Tenhẽ, asó pe renondépe pe nhemima"
quase o matei,Aîukasûer,Aîuká-pytá
"mingau grosso, massa",apytaîyka,amusu'i
"por causa disso, já se juntaram as velhas e os velhos",Onheŷnhang umã sesé gûaîbĩ tuîba'e abé,Aîpó gûaîbĩ gûaîbĩ gûaîbĩ rekóû
aqui estou como teu filho pecador,Kobé aîkó nde ra'yrangaîpabĩnamo,Kó nde ra'yramo aîkó
o limite da minha roça,xe kó robapy,xe îurusu
a mortandade da caça,so'o paba,ka'a-moîaîa
estou cambaleando.,Xe agûy-agûy,Aîeapyk
quem será como eu?,Abá serã xe îabé?,Abápe xe îá?
está nas mãos do diabo,Anhanga pó gûyrybo nhẽ sekóû,Anhanga pópe sekóû
vocês disseram tolices?,Mba'epûera peîépe?,Pe nhe'engaîpabẽpe?
"vem para espantar o diabo, para não nos vencer","Îori, anhanga mondyîa, oré moaûîé suí!","Eîori anhanga mondyîa, oré moaûîébo"
que vocês vão se regozijar com o que é desejado,Ta pesó peîekosupa i potarypyra ri,Ta peîkó-porang-y îerureme
tratando-se uns aos outros como se estivessem em uma fraternidade,Oîoasykûera ri îasûaramo oîoerekóbo,O îoaraîoagûera îabé îoesé oîkóbo
respondo a pero,Aînhe'ẽpoepyk Pero,Pero repîak
sua nuca ficando a esmurrar,i aŷpy atyká-tykábo,I 'akûera i mo'ẽ-mo'ẽ
deve ser apenas uma coisa insignificante,A'uba nhote i por re'a,Mba'e-memûã anhõ i xupé
eu permaneço seu guardião,Aîkobé n'ixé sarõana,Aîkó nde rerekó
"a noite toda, depois da sua grande bebedeira, vou falar aos ouvidos dos índios","Pysaré, i ka'ugûasu riré, asó abá rerobobõmo","Pysaré nde 'ukarusu ré, asó apŷaba apysakápe aîpó"
os que são maus e o tomam recebem a morte em si mesmos,I poxyba'e tasara te'õ ogûar o îoupé,I angaîpaba'e i poraûsubara oîkóbo te'õ o îoesé
folha tenra,só-kyra,ybyrá-tinga
o que se defronta com a morte,Tegûama porarasara,Te'õ resé onhemonhangyba'e
como também recompensa pelo arrependimento delas,I moasyagûera repyramono,A'e bé i moasy resé i moîerekoaba
"quando a morte cair sobre eles, as almas dos homens morrem",Oîoesé te'õ 'asápe abá 'anga re'õû nhẽ,"Te'õ ogûapyka i xuí, abá 'anga omanõ"
qual é também o alimento de nossa alma?,Mba'e abépe asé 'anga remi'u?,Mba'epe bé asé 'anga remi'u?
com muita propriedade me comportei como filho de deus,A'eboé Tupã ra'yramo anhemoingó re'a,Aîmonhangymbyra pupé Tupã ra'yramo aîkó
"porventura a nossa carne é, na verdade, terra?",Yby anhẽ nipó asé ro'o?,Yby-tepe asé ro'o?
"hoje, assim, de modo nenhum nossa estada nos impede","Kori, nã, îandé rekó îandé moarûapa angá",Kori n'i mba'e-te îandé rekóû îandé moapysyk
minha embarcação,Xe ruru,xe ygara
trazendo algumas linhazinhas,Inimbó'i amõ reru,amõ-mirĩ reru
trato-o como se fosse meu filho,Xe ra'yra berame'ĩ arekó,Xe ra'yramo aîpó i xupé
"ele, com a mãe de deus, foi quem criou a jesus, deus",A'e niã Tupã sy irũnamo Tupã Jesus mongakuasaramo sekóû,I xupé Tupã sy Îesu Tupã monhangara
"aquele pão, o padre o partiu, certamente",A'e miapepûera abaré oîmbo'i re'a,Aîpó 'yba abaré i moîa'ok
"são pedro, com seus companheiros, tomou são matias como apóstolo",São Matias S Pedro o irũetá resebé tari apóstoloramo,"S Pedro o apixara pupé, São Matias rerasóû apóstolo"
venha comigo somente até nhoesembé,T'îasó xe irũnamo Nhoesembépe nhote,Eîori xe irũnamo nhote nhoesembébo nhõ
colocando capim ao boi às pressas para impedi-lo,Tapi'irusu sarûápe kapi'ĩ anhẽ rerupa,Sapixara moapysykõ-mopyranga
não faz sentido que ele defenda a morte fora de jesus cristo,N'i aîarõî Îesu Cristo taté é te'õ suí i îepirapûana,Nd'oîkóî tekobé Îesu Cristo suí te'õ rerekoara
iremos,T'asóne - Hei de ir T'orosóne,T'îasó
"para se vingar do seu cão que cria, um homem não o alimenta","O eîmbaba îagûara resé oîepyka, abá n'oîmomba'e'uî",O îagûara monhangiar'aramo abá n'oîmoîuî
pronuncie-o bem,Esa'ãngatu,Eîpîakatu
eles se consolam muitíssimo,I apysy-katueté,Oîoapysyk-katu
que me livre das dificuldades,Ta xe pysyrõ marãtekó suí,Xe pysyrõ îepé tekatu suí
você deu atenção à sua confissão?,Ereîeapysaká-katupe nde nhemombe'urama resé?,Ereîmopysyk serã nde îegûabo?
derrame suas lágrimas.,Nde resa'y eîmondyky,Eîmo'ẽ nde resa'a
vêm em vão para me afastar,Oú tenhẽ xe pe'abo,Xe pe'a-puku peîori
"quando estiver diante de deus, não se afaste de mim","Tupã robaké eîkóbo, xe suí nd'eresyryki","Tupã robaké aîkóbo, na xe suí ereîepe'aî"
eu tenho usagre,Xe 'apiraíb,Xe posang
"teu ventre está cheio, contendo a deus","Tupana rerupa, i por nde rygé","Nde rygûasu, Tupã repy"
"isso não tem como ser contado, ainda que o sol se pusesse!","Aîpó n'i papasabi, kûarasymo oîké îepémo!","N'i papasabi, kûarasy oîepémo mã!"
"esse é meu antigo carrasco, uma taturana","Akó xe îubykarûera, tataûrana!","Akó xe îukasaba, îururana"
característica de um homem mau,apŷabaíba rekoaba é,abá-angaîpaba
por você suspiramos,Ndebe oronheangerur,Nde resé oroîeapyk
a nossa comida de cada dia dá para nós hoje,Oré remi'u 'ara îabi'õndûara eîme'eng kori orébe,Îandé 'ara 'ara remi'u îandé me'engi kori
"depois de querer vê-lo, em vão, há muito tempo",Kûesenhe'ym bé sepîá-potá tenhẽ roîré,Xe repîaka'u-potá-potá ré
"a cobra, antes de fazer destruir a vida daquele que morde, perde sua própria vida quando pisam em sua cabeça","Mboîa o emindu'u rekobé mokanhemukar-y îanondé, o ekobé reîari o akanga patukasagûerype","Mboîa omanõba'e rekobîara moîa'o'i é, o akanga o akanga sosé o îepe o îepi o îepi"
o oposto de comer demais é comer apenas o suficiente,Mba'e 'u-eté-eté robaîara oîá nhote mba'e 'u,O'i-eté rupibé o'u-eté nhõ o'u-eté
bebendo apenas o suficiente de cauim,Oîakatu nhote okagûabo-eté,Kaûĩ-eté nhote onhana
o jejum é diferente de não comer carne,Îekuakuba oîkoé so'o gûabe'yma suí,Îekuakupaba'e i 'u-katuba'e
são numerosos os que não são conhecidos,Se'yî i kuabypyre'yma,Setá i kuapabe'yma
"como se fizesse as pessoas viverem, mas não de verdade","Oporomoingobébo rame'ĩ, na supi ruã-te","Abá moingobé-te îabé, na katué ruã"
ele morre,Se'õ,O îub
"certamente, ao perceber isso, deixei ontem minha casa","Aûîeté, kó anga andupa, aseîá kûesé xe roka","A'e repîaka, nipó, aseîá xe roka"
eu tenho os pés tortos,Xe are'a,Xe py-tyba'e
"não tenho nada a ver com ele, enfim",N'aîkóî sesé ko'yté,Na xe rekóî i xupé ruã
adiante de lisboa,Lisboa amongoty,Lisboa kûeî
à vista dele,sobábo,i posyîa
a soleira da porta,okena robapy,okena ybyra
acaso você é o rei dos judeus?,Îudeus rubixabapiã nde?,Îudeus reîaba nde ruã serã?
"armeiro, fabricante de armaduras",itaaoba monhangara,itangapema
estou preso aos ferros,Itá resé aín,Itá resé aîub
vieram consolá-lo,Our i moapysyka,Oú i moapysyk
eu sou novo,Xe pysasu,Xe kunumĩ
isso nos espantaria a todos,Opá îandé moputupabymo,A'e îandé pabẽmo asé mo'ang
eu fiquei viúvo,Xe remirekoe'õ,Xe vib
"querendo isso, fez-se homem, sem deixar de ser deus","Aîpó potá é erimba'e nhemoapŷabi, Tupãnamo o ekó po'ire'yma","Aîpó potá, abá-monhang, Tupã oîkóbo tenhẽ"
é suficiente?,Aûîé ruãpe?,iîepé?
você detesta completamente a confiança dele em si mesmo?,Ereroŷrõ-mbápe o îoesé i îerobîara?,Ereîmomoŷrõ-katupe i îerobîá?
fiquei esfregando-o com algo gorduroso,Aîkyty-kytyk mba'e-kagûera pupé,Aî'apûar-apûar
dançaram a noite toda,Oporaseî pysaré,Pysaré oîase'o
a gente o teme mais do que tudo que deve ser temido,Asé oîpoûsubeté opakatu i poûsubypyra sosé,Oîoapyki i xupé i xupé i xupé i xupé
eu não,Na ixé ruã,Na xe
"os bem-aventurados e os santos no céu, que veem a deus, ultrapassam o número dos dias que o ano tem","Marangatuba'e, santos ybakype, Tupã repîakaretá, osasá 'ara ro'y remierekó papasaba","Tekokatuetá santos ybakype Tupã repîakaba'e, îanondé 'ara rekó repy"
"depois desse momento, vou atacá-los",A'e ré t'asepenhan,A'e 'arybo aîkó-pytá
não perceberemos a noite.,Putuna nd'îaîandubi xûéne,N'îaîkuabi pytunhẽ
que sejamos corajosos,T'oré pyatã,T'oré pyatã
de modo nenhum os temiminós tiram seus nomes antigos,Naînanĩ temiminõ o erumûana mombó,Na tenhẽ temiminõ o nhemima tuîa
estou me apoiando no braço.,Aîeatykok gûitupa,Aîeapyk
escabelei-o,Aî'abo'o-bo'o,Aîapyk
"ah, quem me dera que o padre tivesse um pouquinho de piedade de mim, mandando-me pôr em outro lugar!","Xe raûsubá-mirĩ temõ abaré, amongoty nhõte xe moinuká mã!","Oîmoetémo abaré xe raûsubĩngatu amõ mã, xe moîepémo!"
que ouça então algo que faça bem à sua alma,T'oîapysaká a'ereme marã o 'anga moingó-katuagûama resé,T'osendu-mirĩ a'ereme nde 'anga moingobé
seus fígados serão a minha porção,I py'apûera xe potabamo t'oîkó,I kanga xe potaba
apropriada para a igreja,tupãoka arõana,Tupãokype i moîoîebyra
dói a separação de nossa alma do nosso corpo,Sasy asé 'anga asé reté suí i îa'oka,Sasy îandé 'anga îandé reté suí o îepe'a
embora eu já tivesse ido,Îepémo xe só umani,Xe só îepémo asó
bendita entre as mulheres,I mombe'ukatupyramo ereîkó kunhã suí,Kunhã suí serekóbo
eu tenho peçonha,Xe tegûam,Xe pichonha
"adivinha, vamos ver, o que bateu em você!",Eîkuá ra'u nde ri opûaryba'e!,"Eîkuá, t'îkuá, nde resé opûãîara!"
suportando as coisas dolorosas por causa de deus,Mba'e-asy porarábo Tupana resé,Mba'easy porarábo Tupã resé
como são estas casas de vocês?,Anga îápe pe roka?,Marãpe kó pe roka?
"daí, desse lugar",eboûĩ suí,a'e suí
não cruzei as palmas das suas mãos,N'asasabi i popytera,N'asapîak nde pó-pûá
perseguidora do diabo,Anhanga momosembara,Anhanga rakypûer
não há muitos restos deles,N'i tyb-etáî semyrûera,N'i setáî i mba'easy
"deus deu, então, determinações para nosso pai primeiro?",Osekomonhangype a'ereme Tupã îandé rubypy?,Tupã-me'eng-ype asé rubypy ranhẽ nhẽ nhẽ?
eu meço a profundidade do rio,Aty-ypy-a'ang,Asapy-pyr
que bom seria se deus mandasse fazer os cadáveres falarem!,Omonhe'enguká temõ Tupã te'õmbûera!,Tupã mo'angetá-mo'angetá mã!
"às vezes nosso remédio não faz efeito, avivando ainda mais a doença; outras vezes, por sua ineficácia em afastá-la","Sarûab amõme asé posangygûaba, mara'ara moîerobu-bé-uká, amõme i pe'arunga o arûabíreme","Sarûápe asé mosanga n'oîkóî, mara'ara moingó-moingóbo, amõ seté i moîepe'a'ỹagûera resé"
ele ficou completamente cinza,Sugûé-katu,I 'apyr-a'ub
as que vão para o purgatório,Purgatório pupé osoba'e,purgatorype sóû
lenitivo da minha fome,xe ambyasy posanga,xe îuru-membykyra
fez você subir para honrar você,Nde rupiri nde moetesápe,Nde moingobé nde momorãngatu
a chuva caiu lentamente,Osaybi amana,Oîepe'a-pe'a ybyra
mulheres virgens que morreram com seus corpos incorruptos,Kunhã-kûare'yma gûeté-marane'yma bé ogûeromanõba'epûera,Kunhã-mirĩ omanõba'e o reté-mirĩmbûera pupé
no decorrer de quatro gerações,oîoirundyk îeapyká sykápe,Oîoesé irũîa pupé
desobedeci a ele,Aîmoabangab,Aîaîub
"deus deixou de amá-los, nele confiando fracamente","Tupã osaûsupe'a, sesé oîerobîá-bebuîa","Tupã o raûsupab-a'ub, i îerobîar-a'ubamo"
agora comemoramos o dia em que ele mandou eliminar as crianças que completavam dois anos,Pitanga mokõî ro'y omoaûîeba'e mombab-ukaragûera 'ara îaîmoeté ko'yr,Ko'yr îaîmoeté pitanga mokõî 'arypyra moîaîa'okûera
o grande número de dias da tua vida,nde rekobesaba 'ara retá,nde rekó 'ara-katu
não durei,Nd'aîkopukuî,N'aîpytyb
"meu anzol muito feliz vai pescar para ti, puxando bem os canapus e as arabaianas verdadeiras","Xe pindá-porangeté t'opindaîtykyne endébo, kunapu rekyîetébo, gûaraobanhaneté","Xe îurusu-katu t'osapîá nde resé, canapusu, araîa-eté poraká-katu"
ainda hoje os malditos queimam,Oîeí bé muru kaî,Kori bé muru tatá
meus dentes tiritam; xe rembé-tatak - meu beiço tirita,Xe rãîtatak,Xe rã-tyî
"ah, eu sou muito miserável depois de me entregar ao diabo!",Xe poreaûsubetekatu Anhanga supé xe nheme'eng'iré mã!,Xe ra'u-marã-katu Anhanga supé xe îerureme mã!
"eu, tão somente",Ixé anhotenhẽ,Xe nhõ
"olha, arrasamos todos os tupinambás que estavam no paraguaçu","Ma'ẽne, tupinambá Paragûasupendarûera opakatu îamombá","Eîkuá, îaîuká tupinambá pabẽ Paragûasupe oîeîkuá"
eu brilho,Xe rendy,Xe resapûan
"segundo o rito dos judeus, cortaram o seu prepúcio","Îudeos ekomonhangábo, i 'apira mondoki",Îudeus îurusu rupi i 'apira mondoki
interessando-se também pela sua felicidade,Sekobekaturama resé bé onhemboryryîa,O tekokatu resé bé o îerurébo
você chorava sempre,Ereîase'o îepi,Ereîase'o îepi
"no seu próprio ombro, levanta a cruz por fraqueza; jesus a faz cair consigo","O ati'yba ri, krusá osupi Membeka suí, Îesu sero'ari","O ati'yba'e rupi cruz osupi, i mombe'ue Îesu i mbo'a"
"console-se muito, enfim, após sua saída da escuridão, da aflição de sua alma",Nde apysy-katu ko'yté pytunusu nde 'anga moingotebẽsagûera suí nde sem'iré,"Eîmoasy-katu, îepé, pytumby suí nde 'anga mombe'u suí"
honrei-o muitíssimo,Aîmomba'eté-tekatunhẽ,Aîmomba'eté-katu
você vive com alguma não batizada?,Ereîkópe sere'ymba'e amõ resé?,Ereîkópe amõ nde boîáramo?
quebra-se muitas vezes,Osó-osok,Sekoaba îepi
muito maior,tubixabeté,i matu'ã-katu
podem deixar um ao outro?,E'ikatupe o îesuí opo'i?,E'ikatupe oîkóû o îoesé?
"no final do meu discurso, ele falou",Xe nhe'enga apyrûerype ahẽ nhe'engi,"Xe nhe'enga îepé, i nhe'engaûama"
ele mesmo está em todas as igrejas?,A'e memẽpe tupãoka îakatu i kûáî?,Oîkópe é serã opabĩ Tupãokype?
mastro da embarcação,ygara rokytá,ygara remimbó
eu sou sensível,Xe mba'emoasyîá,Xe resab
confessar-se todo ano,Seîxu îabi'õ nhemombe'u,O îepîakûab îabá
eu sou molengão,Xe membek,Xe rakûar
nos pusemos em fila,Oroîeysyrung,Oropyrû
você ou eu,Endé konipó ixé,nde ko'am
eu tenho olheiras,Xe resagûyrumbyk,Xe resá-pûãî
espinhas no rosto,Tobá kuruba,robá-pytera
"venham, levem os malditos, ergam-nos para sapecá-los em nosso fogo, derretendo-os","Peîori, perasó muru, supi îandé ratápe sapeka, i momembeka","Peîori, perasó muru, peîesupi, îandé ratápe i îepe'a, i moîeî"
"""sob o sono"" da alta noite, nas horas mortas, quando todos dormem",pysaîekatu ké-gûyrybo,"Putuna py-katu, ara-katu, opabĩ okypyreme"
não verão sequer seu corpo brilhante?,Seté-beraba tiruãpe n'osepîaki xûéne?,Nd'oîkuab-yîpe i reté-pysyká-pysykamo?
eu estou adoentado,Xe rekoruruînhẽ,Xe ra'ang
eu estou tenso,Xe aparatã,Xe ra'ang
homem miserável,abá-poreaûsubĩ,abá-poropotara
enfileirei-os,Aîmoysyrung,Aîmoîoîa'ok
eu o torrei,Asa'embé,Aîapyk
"deixem, pois, estes meus discípulos irem com saúde",T'e'i nhẽ ã xe boîá o marane'yma rerasóbo rõ,T'osó-katu kó xe boîá
o diabo tem medo de você e te odeia,"Osykyîé nde suí Anhanga, nde moabaetébo","Anhanga nde raûsu, nde poîá"
não tenho pena das coisas,N'asaûsubari mba'e,N'aîmoasyî mba'e resé
"o que cuida da casa, caseiro.",oka rerekoara,okaryba'e
"que lancemos fora nossa maldade, não acreditando nos pajés","T'oroîtyk oré poxy, paîé rerobîare'yma",T'oroîtyk oré poxy paîé rerobîare'yma
e o escravo não obedecerá às palavras de seu senhor?,A'epe miaûsuba n'osapîari xûé o îara nhe'engane?,N'osapîak umẽpe îara nhe'enga?
"vamos, como nós, enfeitar nossas almas, para levá-las diante dele","T'îasó îandé îabé îandé 'anga moîegûaka, serasóbo sobaké","T'îaîoîekopûá îandé îandé 'anga, i renondé"
aqui estou para levar seu ventre e também seus pulmões para minha sogra velha,Kó aîkó sygepûera t'arasó i nhy'ãbebuîa abé xe raîxó-gûaîbĩ supé,"Kó aîkó nde rygûera, nde pytu abé xe raîxûera rugûera supé"
você também olhou com desejo para a vagina de alguém?,Erema'ẽ-nhemomotarype amõ rapopé reséno?,Ereîkuá-potá-potá abá aîpó resé?
não pode casar com ela enquanto a mantiver escondida,Nd'e'ikatuî sesé omendá mimbápe serekó pukuî,Nd'e'ikatuî sesé omendá o emimondykûeramo
não respeitando o que deus disse,Tupã 'éagûera moabaetee'yma,Tupã nhe'enga repîaka'upa
e judas não se afligiu entre os judeus pela traição a seu senhor?,A'epe Îudas n'oîkotebẽî Îudeus supé o îara me'engagûera resé?,Nd'oîkotebẽîpe Îudas îudeus pupé o îara momondarõagûera resé?
"para esse belo procedimento, mantém-se a pessoa em seu próprio quarto, aí pendurando o recipiente do qual ela bebe","Aîpó tekoporanga resé asé serekóû o kotype, a'epe i moîasekóbo i gûaburu","Kó marã-porangápe abá o kotype oîkóbo, a'epe i 'u-y'ara mondyka"
neném compadecedor,pitangĩ-moraûsubara,pitangĩ-porangaîpab
nós combatemos uns aos outros,Oroîogûerekó,Oroîoaûsuba
"ah! na verdade vou me enfeitar, pintando-me de preto",Erĩ! Aûîeté-pakó aîegûak ûinhemoúna,"Ne'ĩ! Asó-eté, aîegûaka, aîepegûaka"
isso é verdade!,Anhẽ ûĩ!,Aûîé a'e!
banco redondo,apykabapu'a,kûarugûasu
urinei,Akaruk,Aîurine
pergunte primeiro,Nde ranhẽ eporandub,Eporandu-ukar
vou com você hoje,T'asó nde pyri kori,T'asó nde irũnamo kori
digo que está muito bem,Ne'ĩ a'é,Aîpó-katu é
a primeira lei,tekó-ypy,tekó-ypy
fingi que não o conhecia,N'aîkugûabe'ym-a'ubi,Aîkuabĩ-a'ub
"lentamente, enfim, o homem perde o entendimento, e sua tosse irrompe","Mbegûé é ko'yté abá tekokuá kanhemi, iî u'u osororoka","Mbegûé-mbegûé abá îandé tekokuabe'yma, i kûarasy-puka"
faço minhas mãos estalarem,Aîepó-mopuruk,Aîepé-pyr
"estrutura de cume, cumeeira",apyrytá,ybytyra
"sim, vou para onde me mandam, porque, no meu coração, quero fazer assim","Îé t'asóne xe mondoápe Memeté ixé, xe py'ape, emonã tekó potá","Îé, asó xe rembiápe, xe py'ape aîpotare'yma"
o sol certamente brilha depois de passar a grande noite,"Kûarasy nipó oberá, putunusu kûab'iré",Kûarasy-teîa îasûara putunusu ré
arranque de minha casa a poeira dos pés,Eîpy-tybyrok xe roka,Eîepe'a xe roka suí nde py-pyra
alimentando-o um pouco em seu seio,I poîa-mirĩ nde kama pupé,I nhy'ĩpe i moîoîubĩ
ele nunca acaba de completar as roupas nd'e'i ymûanĩ osóbo — nunca acaba de ir,Nd'e'i ymûanĩ ahẽ aoba moaûîébo,Nd'e'i te'e a'e îepebẽ aoba nd'e'i ymûanĩ Osóbo
"tendo dito isso, seus discípulos tomaram o pão nas mãos","Aîpó i 'eagûera rerekóbo, semimbo'e-etá miapé rari o pópe","Aîpó 'îabo, i boîá miapé-pûaîa"
queimei carvão,Asapy tatapynha,Aîapy-ka'ẽ
tremor de doença,karasy-ryryîa,mba'easy-nhemima
vem para colocar os malditos conforme nossas palavras,Eîori muru moingóbo îandé nhe'enga rupi,Eîori muru mondóbo oré nhe'enga rupi
"o que é azul, o que é verde e o que é roxo",sobyba'e,i 'y-pyranga
eu tenho diarreia com sangue,Xe rebykasy-pyrang,Xe rakûarugûy
por que seria? por que razão haveria?,mba'e-resémo?,marãmo?
fiz preparativos para receber o inimigo,Anhemosako'i tobaîara resé,Aîmonhangymã inimigo rerupa
é bonita a sua terra?,I porangype pe retama?,I porang pe retama?
"os que estão em maratauá acreditam em minhas palavras, entregando suas almas em minhas mãos","Marataûãme tekoara ogûerobîá xe nhe'enga, xe pópe o 'anga me'enga","Marataûápe oîkóba erimba'e xe nhe'enga rerobîá, o 'anga xe pópe ogûerekóbo"
soltei as peias dos pés dele,Aîpukusamb-ok,Aîepe'a-pysá
os inimigos comeram meu pai,Xe ruba tobaîara îa'u,Xe ruba 'u sumarã
serei bom,Xe katupe ká,I angaturam
ó pero!,Pero gûe'y!,Aîpó-te!
vocês não foram percebidos,Na pe andubi,Na pe rekopîari
"que afastemos o diabo, agora e para sempre",Anhanga t'îaîpe'a ko'yr aûîeramanhẽ,T'îaîpe'a Anhanga ko'yr meé îandune
mata,Oîuká,îuká
"por não temer proclamar a fé em deus, os pecadores mataram são mateus","Tupã rerobîara mombe'u posykyîee'yma resé, angaîpaba São Mateus îukáû","Tupã rerobîara momorandupaba suí, angaîpabamo São Mateus îuká"
tenho barba ruiva,Xe rendybá-aîub,Xe rendybaá-pyrang
de modo nenhum os temiminós tiram seus nomes antigos,Nainanĩ temiminõ o erumûana mombó,Na tenhẽ temiminõ o nhemima tuîa
uma grande bebedeira é algo muito bom,Mba'e-eté ka'ugûasu,Mba'e-katu-katu 'ybagûasu
pode o homem não cuidar de sua esposa?,E'ikatupe abá o emirekó resé oposykyîee'yma?,I abaetépe abá o mena repîaka?
eis aqui também as minhas garras,Kó bé xe pûapẽ,Kó bé xe pûaî
"ah, sim!",Eẽ hegûé!,"Îé, ahẽ!"
isto de novo!,Ang é!,kó bé!
interesse pela lei de deus,Tupã rekó resé nhemoryryîa,Tupã rekó resé îaraîtaba
breei-o,Aîkytyk,Aîapyk
fazendo nossa morte desaparecer,Îandé re'õ mokanhema,Îandé re'õ moingoaî
em vão creem em você,E'i tenhẽ nde rerobîá,T'oîerobîá nde rerobîá
eu sou torto,Xe apẽ,Xe îurupãî
todos os que diziam isso eram muitos mesmo,Setá tenhẽ erimba'e opab aîpó 'îarûera,Setá-katu aîpó 'îara
eu sou covarde,Xe abang,Xe kyre'ym
prendi-os uns ao lado dos outros,O îoyby-ybyri aîmoín,O îoesé i moîar
"hoje, assim, de modo nenhum impedem a nossa estada","Kori, nã, îandé rekó îandé moarûapa angá",Kori n'i apysyk îandé rekóû
"oh, será que isto é o diabo?!","Îu, anhangap'ikó ri?!",Anhanga é kó mã?!
eia! vá logo! apresse-se!,Ne'ĩ! T'eresó taûîé! Nde apûan!,Ne'ĩ! Ekûá ra'a! Eîemondõ!
"para que esta aldeia brilhe, eu estou junto de vocês","Kó taba renyreme, pe pyri nhẽ xe rekóû","Kó taba t'okaî, pe pyri aîkó"
ponta de galho,sakãpyra,ybyrá-pûera
"eis que eu amo as suas almas, aformoseando-as, embelezando-as","Xe ikó asaûsu pe 'anga i moaysóbo, i momoranga","Kó aîpoŷrõ pe 'anga, i moîoapyk, i moîaîu"
mandei um homem ir buscar palma,Aîopûaî amõ abá pindoba resé,Aîpó abá 'yba'e rerupa
maldade,angaipaba,tekopoxy
"que retire as coisas más da minha alma, enchendo-a com seu amor",T'ogûenosem mba'e-aíba xe 'anga suí o poroaûsuba resé i moynysema,"T'osó xe 'anga suí mba'e-poxy, nde raûsupa pupé i moîy"
como uma luz de fogo,tatá-endy îabé,tatá resape
nós temos muitas igrejas,Oré tupãoketá,Oré tupãoka oîkó
você costuma se levantar diante do seu pai?,Nde pu'amixûé nde ruba pé?,Ereîe'o-katupe nde ruba robaké?
me flechou em um lugar vital,Xe aépe xe ybõû,Xe moîu-moîu-katupe
que coisa você busca?,Mba'e resépe ereîkó?,Mba'e-mba'epe ereîpotar?
acompanhante de caminhada,atá-irũ,pytu'uba
assim ajo conforme meu pai,Xe ruba rupi é emonã aîkó,Aîpó xe ruba rapixara aîkó
arrependeu-se depois de ter comido aquele fruto?,Oîmoasype a'e riré a'e 'ybá 'uagûera?,Erenhemonhangape a'e 'ybá 'u'u ré?
conheceu sua autêntica bondade,Oîkuab i marangatueté,Oîkuab nde angaturamba'e-eté
vou te ajudar,T'oropytybõne,T'oropysyrõne
eu me derreti,Xe ryku,Xe ryryî
o que não se confessa a cada ano,Ro'y îabi'õ onhemombe'ue'ymba'e,O îabé îabé o emombe'u-poxyba'e
faço caretas com a boca,Xe îuru-memûã,Aîeapyk
"na verdade, vou me enfeitar, pintando-me de preto",Aûîeté pakó aîegûak ûiîemoúna,"Asó aîegûaka, aîepé-pîaka"
argumentei contra suas palavras em vão,Aînhe'engapypyk îepé,Aîporandu-a'ub nde nhe'enga resé
quem verdadeiramente esgota o cauim é o fazedor de mal,"Kaûĩ mboapŷareté, a'e marã monhangara",Kaûĩ moapysyketé-eté i angaîpaba'e
ajuntamento de taquaruçu,takûarusu-tyba,Takûarusu aty
bafejo,Atimbor,Aîubyk
caminho da carioca,Kariîopiara,karûaka rapé
entremeei-as,Aîmoîoparab,Aîmoîaî
meu filho!,Xe ra'yt!,xe ra'yra!
"concavidade da nuca, depressão na parte inferior da nuca",atuá-pyko'ẽ,akûeî-pûera
dois ladrões: um à sua direita e outro à sua esquerda,"Mokõî mondabora, i 'ekatûaba koty amõ, a'e amõ i asu koty","Mokõî mondabora, amõ nde 'ekatuápe, amõ nde sóû"
"companheiro de aprendizado, condiscípulo",nhembo'e-irũ,mbo'esara
"não são maneiras de honrá-lo a bebedeira, maltratar o próximo e atacá-lo","Na i moetesaba ruã ka'u, o apixara rerekoaíba, sopenhana","Na setáî i momorãngatuba, o apixara moangaîpaba, i moîerokûama"
foram são pedro e são joão,"Osó S Pedro, São João abé","Osó São Pedro, São João"
"jesus, salvador da gente",Iesu moropysyrõana,"Îesu, asé pysyrõana"
também transgride aquele que faz resguardo por causa do parto de sua esposa?,Oîaby bépe aîpó o emirekó membyrara resé oîekuakuba'e?,Oîaby bépe o mena membyraragûera resé o îoesébo?
casa que seria — o que seria casa?,okambûera,Ogapy-mba'e?
tenho relações sexuais com ela,Aîkó sesé,Aîkó sesé
"quem mais, junto deles, foram seus sepultadores?",Abá abépe i pyri i tymbaramo?,Abápe bé i pytera i pytera?
"o seu cadáver dormiu demais, estando deitado no lugar em que o puseram?",Okeretápe se'õmbûera o mondebagûerype oupa?,Oker-katupe i îe'õmbûera o îoesé oîeîkébo?
nosso senhor me constituiu guardião da aldeia,Taba raroanamo nhẽ Îandé Îara xe moingóû,Xe Îandé Îara xe monhangymbyra
"ainda hoje, apressando-se para encontrar a verdadeira felicidade",kori bé penhemoanhẽ-anhẽmo tekokatueté pé pegûasemagûama resé,Oîkó kori bé tekokatueté repîaka
"assim tratada, uma pessoa certamente se sai bem",Emonã serekopyra rakó abá obasẽ-porang,Aîpó serekóbo abá îepé oîepé-katu
o pecado de um primeiro homem branco foi a causa de sua entrada neste mundo,Oîepé karaíbypy rekoangaîpaba ikó 'ara pupé seîkeagûera,Apŷaba'e ypype morotĩ angaîpaba rekóû ikó 'ara pupé i momboîa
"não dou ouvidos, não me importo",Na xe apysáî,"N'asysyk, n'aîkóî"
reúnam-se todos com eles!,Penheŷnhang pabẽ sesé!,O îoesé pabẽ nhẽ peîmonhang!
vindo com os três reis pela estrela,Mosapy reîá reru îasytatá rupi é,Mosapyra reîaba irũ îasytá ybŷá rupi
que seu filho reparta um pouquinho de virtude conosco,T'oîmoîa'ok nde membyra tekokatu'ĩ amõ orébe,T'oîmoîoîoîeby nde ra'yra angaturamba'e amõ îandébo
vem me adornar,Eîori xe moîegûaka,Eîori xe moîoapyk
"vou me corrigir, enfim",Anhenonhẽpe ko'yté ká,Aîeporekó-katu
"zele bem por mim, mandando que não me façam cair","Ema'enãngatu xe ri, xe mbo'are'ymuká","Xe resé nhemoŷrõ-katu, xe mo'am-amẽmo"
por falta de um confessor seu,o monhemombe'ûarama resé oîkotebẽmo,O nhemombegûara suí
o despejei,Asekoabok,Aîputu'u
fazemos passar as flechas dos malditos,Îamongûá moxy ru'uba,Îaîmo'ar moxy 'ypa'ũ
"estejam em pranto, como forma de louvar aquele que entra junto a vocês, como forma de recebê-lo","Îase'o rakó perekó peẽmo teîkeara moetesabamo, i mobasembabamo","Peîase'o, pe pyri pe rarõana momorandupa, i rerupa"
basta! eu estou muito contente,Aûîé! Xe rorybeté,Aûîé! Xe rory-katu
"ao passar a quarta-feira de cinzas, começa o grande jejum chamado quaresma.","Quarta-feira tanimbukaraíba rasápe, îekuakupabusu Quaresma 'îaba nheypyrungi","Quarta-raîa îepi, îeîmba'e, Quaresma 'îabaîagûasu, îeîmba'e"
"você urdiu mentiras contra alguém, envergonhando-o?",Eresekyîpe îuraragûaîa abá supé i motĩamo?,"Ereîurupãî îuraragûaîa abá supé, i moasypa?"
irei cumprir essas palavras,T'asó aîpó nhe'enga mopó,Aîkó aîpó nhe'enga repîaka
cozinhe o peixe,Emoîyb pirá,Eîmoîeîu pirá
alguns batiam no peito,Amõ amõ o poti'a resé opûá-pûá,Oîoapyk amõ
"como recompensa por seu muito amor a ele, deus certamente o levou, com seu corpo, para o céu","Ogûaûsukatuagûera repyramo, Tupã ipó serã serasóû seté resebé ybakype","I nharõ-katuba repyrama resé, Tupã serã i porasóbo ybakype o reté resé"
eu sou agourento,Xe morangygûan,Xe apyr
prova que o levas!,Esa'angyne serasóbo,Eîmonhang nde irũ!
tornei-me astuto,Aîe'atype'a,Aîepé-pysyr
"filhos de índios, certamente","Abá ra'yra, ipó",apŷaba ra'yramo
vou ouvir em vão,T'asendu tenhẽ,Asendu-te umẽne
fico andando à toa,Agûatá-gûatá tenhẽ,Aîasó-asó
"nos arrependeremos, de coração, dos maus procedimentos",Îaîmoasy marãtekoagûera îandé py'a suíne,T'îaîeapîá-katu îandé rekó-poxy
será que os habitantes do céu não desobedecem nem sequer um pouco à vontade de deus?,N'oîmomarã-mirĩ-angáîpe ybakygûara Tupã remimotara?,N'oîkotebẽî-mirĩngatu-mirĩngatu-mirĩngatupe ybaka pora Tupã remimotara?
eu o cubro,Aîaso'i,Aîapyk
aquele que perseguiu o cão de seu próximo,O apixara reîmbaba îagûara remimomosẽgûera,O apixara îaragûera o îuraragûera
o que é circuncidado,i api'aba'e,i moîoîebyra
deixa que vá,Te'inhẽ t'osó,T'osó-te
"mal a gente diz algo, já se irrita","Îeperibe'ĩ asé marã i 'éû, onhemoŷrõ ymûan","Oîo'o-a'ub'iré, oîemoŷrõmo"
"fiquem, palermões!","Pepytá, manemusu!","Penhẽ, apŷaba!"
você obedece a eles quando eles fazem você viver no vício?,Eresapîápe tekopoxy resé nde moingóreme?,Ereîpuramo i xupé tekoangaîpabamo nde moingóbo?
você hoje não beberá o que eu mastigo,Nd'ere'uî xó kori xe remindu'une!,Nd'ereî'uî kori xe rembiá-mamo
arranquei-lhe a casca,Aîpé-'ok,Aîapyk
"como um pobre, ele tomou a casa dos animais de criação como sua pousada",Mba'eîare'yma îabé so'o mimbaba roka ogûâr og upabamo,"Tekokatu îabé, so'o okenaba roka o emiba'e"
santificado seja teu nome,I moetepyramo nde rera t'oîkó,T'osangaturam nde rera
"vem lavar minha alma, branqueando-a","Eîori xe 'anga reîa, i motinga","Eîori xe 'anga mopu'îa, i moîaîu"
na terra ele se transformará,Ybyramo i nhemonhangyne,Ybype i moingotebẽne
estavam felizes ao me ver,Sory-katu xe repîaka,Xe repîaka nhẽ seryba'e
meu anzol muito afortunado vai pescar para você,Xe pindá-porangeté t'opindaîtykyne endébo,Xe îurãngatueté t'osó nde resé pirá
todos ficaram gritando por causa disso,Oposẽ-posẽ pabenhẽ sesé,Opá osapuká-sapuká i xupé
eu o fiz bem devagar,Mbegûé-katu aîmonhang,Aîmoîeapyk
saciei minha vontade de comê-lo,Aî'useî-mogûab,Aîmo'ẽ xe 'u-potá
fiz-o ficar como forro; alforriei-o,Abaetéramo aîmoingó,Aîmoîaî
"aquela lei nova me incomoda muito, irritando-me muitíssimo","Xe moaîu-marangatu, xe moŷrõetekatûabo, aîpó tekó-pysasu","Xe moasy-katu aîpó tekó-pyaugûera, xe moŷrõ-katu"
"eia, que vocês estejam alegres","Pene'ĩ, ta pe rory",Peîmoory-katu
mandando-os afastar-se logo de suas maldades,I angaîpaba suí i moîepe'aesapy'a-uká,I angaîpaba suí i moîepe'a-aíbamo
"você alternou alguns dias de guarda, sem entrar na igreja?","Ereîmopa'ũpe 'areté amõ, Tupãokype eîkee'yma?",Ereîmoîoîoîoîoîoîoîoîoîoîoîoîoîoîoîoîoîoîoîoîoîoîoîoîoîoîoîoîoîoîoîoîoîoîoîoîoîoîoîoîoîoîoîoîoîoîoîoîoîoîoîoîoîoîoîoîoîoîoîoîoîoî
que vocês tenham medo disso,Ta pesykyîé ianga suí,Ta peîkó i xupé
os homens que roubam mulheres,Apŷaba kunhã ri i mondaba'e,kunhã mondarõba'e
o que alguém acolhe em seu paganismo está igualmente no paganismo dele?,Og ere'yma pupé abá remipysyrõ oîabé sere'ỹme?,O îegûaraîaîpe abá o apixaraîa oîkóbo bé i îegûaraîaîaîaîaîaîaîaîpe?
que teu roubo seja reparado,Ta sepy nde mondagûera,T'oîmoîerokatu nde mondabamo
"quais são as novidades, por acaso?",Marã-pipó moranduba?,Marãpe marã marã marã?
por acaso todos os que estavam ali começaram a injuriá-lo?,Opabenhẽ serã erimba'e a'epe tekoara iî a'o-îa'oû?,Opá a'epe oîkóbo oîepyramo i nhe'engaîpabẽ?
ataquemo-los; prendamo-los antes que eles se consolem,"Îasepenhan, îaîpysyk i apysyk' e'ymebé","Îaîur-ur, îaîub îaîub'iré îaîub'iré"
"metal vivo, isto é, o mercúrio",itá-ekobé,itá-moxy
nos separamos uns dos outros,Oroîa'ok oré îosuí,Oroîopysy-pysy
eu vivo conversando,Xe nhe'engixûer gûitekóbo,Xe rekó-rekó
"caburé, vem correndo para que comamos os inimigos!","Kaburé, îori enhana tobaîara t'îa'u!","Kaburé, îori, t'îa'u îara!"
antigo jazigo,tupagûera,ybyrá-pukuîa
"ao ir, voltei atrás","Aîeby benhẽ, gûixóbo",Asóbo asó
estou com ele,Irũnamo aîkó,Sesé aîkó
"destruiremos a aldeia, como de costume",Îamombá taba îandune,"Îaîuká taba, îandune"
fazendo sair de sua alma o que havia em seu paganismo,Nde nhemongaraibe'yma pupé oîkoba'e mosema nde 'anga suí,O 'anga suí o îegûara moîepe'a
vão pelas aldeias,Pekûá taba rupi,Peîasó taba rupi
guardião dos tapuias,tapuîa rarõsara,tapi'i rerekó
"pode, certamente, acontecer com quem o repreenderá",E'ikatu ipó senonhẽndarama supé é,I abaeté i moîarûera resé
pedro foi o primeiro,Pedro ranhẽ osó,Pedro serã
cavei-o duramente,Asybykoî-atã,Aî'atã-katûabo
"ah, bem feito para ele!",Iîá îaby ahẽ mã!,Iîabaíbeté mã!
dou a roça a pedro,Aîkó-me'eng Pedro,Aîmoîaîu Pedro supé
eu sobrei.,Xe rembyrûer,Xe apysyk
não desisto,Na xe apori,N'aîeruréî
o que está no mar,paranã pora,paranã resé
ele certamente está pertinho,Mbypeteĩ ipó ahẽ rekóû,I kuapĩ-katu
"que você entre no meu coração, guardando bem o meu interior","Xe nhy'ãme t'ereîké, xe py'a moingatûabo","Xe nhy'ãme nde reîké, xe py'a moîarugûera"
eu não levanto a cabeça,Na xe 'aîubyri,Na xe akangaî
eu me calei,Xe nhe'endok,Xe îeapyk
a vontade dessas presas de vocês é muito má,I angaîpab-eté kó pe rembiá potasaba,I angaîpab-eté anhẽ ikó pe rembiarama remimotara
batendo em sua cabeça com aquela cana,I akanga resé a'e takûara reropûá,Aîpó-tinga pupé i akanga pupé
"talvez seja o anjo, guardião verdadeiro desta aldeia","Karaibebé serã, kó taba rarõaneté",Ikatu karaibebé kó taba rarõana
no seu próprio ombro levanta a cruz da fraqueza; jesus a faz cair consigo,"O ati'yba ri krusá osupi Membeka suí, Îesu sero'ari","O ati'yba'e pupé i momosẽ îekûáîasaba, Îesu i moîepe'a"
uma coroa de espinhos enroscados,-Mba'epe onong i akanga 'arybo? -Îuatĩ-apapûara apynha - Que puseram sobre sua cabeça?,îybá-pyranga
nem por isso eu vou para longe,Naroîaî mamõ xe sóû,Ndaroîaî mamõ xe sóû
"conte todos os seus pecados, seja forte",Eîmombe'u pakatu nde angaîpagûera nde ratãngaturamo,"Eîmoîaûsu nde angaîpaba, nde ratãngatu"
lua minguante,îasy-angaîbara,îasy-mondyk
"por isso mesmo, aquilo que os agrada em alguma coisa transgride a palavra de deus",Nd'e'i te'e mba'e amõ resé i moîekosupara Tupã nhe'enga abŷabo,Nd'e'i te'e mba'e resé o nhemosangûera Tupã nhe'enga oîmombyk
para o desaparecimento dos vestígios da transgressão da palavra de deus,Tupã nhe'enga abŷagûera rakypûera kanhemagûama resé,Tupã nhe'enga angaîpaba rapixara mondyîa
as estrelas se escondem bem longe,Îasytatá kûepe é i nhemimi,Ybŷá mombyry-katu oîemim
"quando nos batizamos, colocamos nosso próprio entendimento?",Asé îemongaraíme o 'ara moíni?,Îandé îemongaraíba pupé asé îandé rekokuapaba îaîmonhang?
meu igual,xe arõana,xe rekóû
muitos judeus junto à cruz,îudeus-etá cruz robábo,Îudeus-etá cruz kotybo
eu o fiz por muito tempo,Ipuku xe rekóû i monhanga,Xe rekó-puku
o próprio deus distinguiu o padre como seu substituto,Tupã é abaré oîmoîa'ok gûekobîaramo,Tupã aé abaré o îuraragûama ri i moîarûera
os cabos são brancos,Yba ting,I putuna
"como assim? diante de uma madeira, a gente faz reverência?",Marã? Ybyrá supé nhẽpe asé îerokyû?,Marã e'ipe? Ybyrá robaké asé îerobîaka?
você deve confessar primeiro sua atração por eles,Sesé nde nhemomotaragûera ranhẽ t'ereîmombe'u,Erereku'ang-eté ranhẽ i nhemomotaramo
"um tanto, um pouquinho",angaîbĩ'ĩ nhote,amõ-a'ub
você ficou dono daquilo que alguém esqueceu?,Ereîpysyrõpe abá resaraîagûera?,Nde mba'epe abá resaraîara nde mba'e?
aguço-a,Asapûa'ok,Aîapyk
"lugar onde dormem os japuguaçus; também nome antigo da ilha de santana, na costa leste do brasil",îapugûasu-kesaba,Ypagûasu re'õa
como diz o último dos mandamentos da santa mãe igreja?,Marã e'ipe Santa Madre Igreja asé rekomonhangaba mondykaba?,Marã e'ipe Santa Madre Igreja rekó-puku?
levando imediatamente para o céu os que resgataram bem seus pecados ainda neste mundo,Ikó 'ara pupé bé o angaîpagûera repyme'ẽngatusarûera ybakype aûnhenhẽ serasó-uká,Akûeîme ybakype o angaîpaba poropotara rerasóbo ikó 'ara pupé
não trouxe nem um sequer,Oîepé tiruã nd'aruri,Na xe irũî amõ ruã
segurei-o fortemente,Aîpysyk-atã,Aîapyk-atã
não,-Oîporará bépe mba'e amõ a'epe oîkóbone? -Aani xûéne - Sofrerão ainda alguma coisa aí vivendo?,aani
e a aproximação do parto de uma grávida não é motivo para também ter medo?,"A'epe muru'apora membyrasy kakara, na nheangûaba bé ruã?",A'epe muru'amẽ-memûã n'oîkóî-mirĩ abé?
às vezes os frutos de suas árvores caem,Okuî rakó amũme 'ybarambûera o 'yba suí,Oîeîeîmebĩ ybyrá 'ybá-îeî
"desatinado, sem juízo, enlouquecido, maníaco",angaingaibora,i moapysykybõ
quem faz com que o nome de deus seja louvado?,Abá-abápe Tupã rera oîmoeté-ukar?,Abápe Tupã reraîtaba?
são três as potências da nossa alma em relação às coisas,Mosapyr ma'e resé asé 'anga 'ekatuaba,Mosapy îandé 'anga mba'e resé oîkóbo
tenho desgosto por tê-lo levado,Arasó tieté a'é,Xe resapy'a aîporasó resé
"esse santo escreveu para nós a vida de seu mestre, deixando-a","Kó santo o mbo'esara rekopûera erimba'e oîkûatiar îandébo, seîá","Kó santo o mbo'esara rekó oîmombe'u îandébe, i moingóbo"
dá a si mesmo asas para voar,Nd'e'i te'e abá tekokatu pupé onhemopepóbo o beberama resé,"Eîme'eng i îepé i akanga, i mbo'ar"
"você vai, neste dia","Eresó, kó 'ara ri",Nde ereîkó kó 'ara pupé
vou cumprir suas palavras,T'aîmopóne nde nhe'enga,T'asó nde nhe'enga
que ele se compadeça de mim,Ta xe raûsubar,T'oîmoasy ixébo
quatro são as virtudes cardeais.,Quatro tekokatu-ytá,Oîké tekokatu karûá
acendemos o fogo,Tatá îaîmondyk,Îapopá tatá
realizar-se-ão no futuro,I por irãne,Oîkóne îepé
mas eu me esqueci completamente.,Xe resaraî-te-katu,"Xe-te, xe resaraî tenhẽ"
quem se preocupa com deus,Tupã resé o nheangerekosara,Tupã resé o emiarõba'e
vocês me matam,Xe îuká peîepé,Pe îuká xe re'a
"caburé, vem correndo!","Kaburé, îori enhana","Kaburé, îori, îeîori!"
voltou a viver entre os que morreram,Omanõba'epûera suí sekobeîebyri,O omanõba'e pyri bé oîkóbo
despertando-me do meu pesado sono,Xe keranama mombaka,Xe ker-y-katûagûera suí
topo da escada,mytamytá-ypy,ybaté-ybaté
pelos campos,nhũbo,nhũ rupi
quem vê o furto de alguém e não se importa,Abá mondarõ osepîakĩba'e,Abá mondá repîaka repîaka'upa'ũ-nhemima
creio na distribuição das virtudes dos santos,Arobîar santos rekokatu nhemoîa'oîa'oka,Arobîar santos tekokatu moîoîebyri
paguei-o,Asepyme'eng,Aîmoîepyr
o manuseio,Aîabyky,xe posara
ninguém se casa com sua própria filha,O aîyra resé abá n'omendari,O membyra resé nd'omendari
"batendo em uma mulher grávida, matando o bebê dela","Kunhã muru'abora resé opûá, pitanga îukábo i xuí",Kunhã muru'ama supé i moîoîuká
tirei minha roupa,Aîo'ok xe aoba,Aîepe'a
saiu para o pátio chorando muito dolorosamente,Osem okarype oîase'oasykatûabo,"Osem okarype, oase'o-asy-katu"
quem tem a bem-aventurança é manso,Tekokatu-eté rerekoara onherane'ymba'e,Tekokatueté rerekoara i moapysykûer
"indo, eu me afasto",Xe rebinhỹ gûixóbo,Asóbo aîepe'a
vem para destruir o maldito,"Eîori, muru mombapa",Eîori muru mondyîa
a roupa prendeu-se firmemente às suas chagas?,Oîaratã serã i aoba i moperé-perebagûera resé?,Oîoapyk-atãpe aoba i nhemima resé?
ainda mais pedro,Pero angabatene,Pedro-eté
"depois de expulsar os vícios do seu meio, o homem não os traz de volta consigo; em vez disso, dispersa-os","O koty suí mba'epoxy reîtyk'iré, abá nd'ogûeroîebyri o kotype, i mosãîa","O pytera suí tekoangaîpaba mondoki ré, abá n'oîeruî îepi, i mo'arûane"
não sou eu que vou,Na ixé ruã asó,Na xe sóî
nariz achatado,tĩmbeba,nã-pûera
mas livra-nos do mal!,Oré pysyrõ-te mba'eaíba suí,Oré pysyrõ-te angiré suí!
"da mesma forma, a morte também entrou como componente deste mundo",Te'õ abé reîkéû ikó 'ara poramo oîá,A'eîbé te'õ abé ikó 'ara pupé oîkébo
foi para longe por ocasião de um dia santo?,Tupãneme nhẽpe eresó kûepe?,Osó 'ara marangatu 'ara pupé?
"assim, na verdade, eu determinei",Emonã nakó xe rekopotari,Aîpó nhẽ xe rekomonhang
já ia,Osó ymûã,Asó îasó
aljava de ferro,itá-u'uburu,itá-pyranga
eu lhe pelo o couro cabeludo,Aî'apir-abo'o,Aîapyr
antes de sua velhice,o tunhãba'e e'ymebé,o akûarasy ré
confessar-se a cada ano,Seixu îabi'õ nhemombe'u,O îeapîá îabé îabé
amamentando seu neném,i pitangĩ mokambûabo,o pitangĩ mo'ẽmo
"eu sou cristão, eu sou virtuoso","Xe cristão, xe karaí",Xe cristã
eu estou embasbacado,Xe rembeirĩ,Xe apysyk
como se eu fosse,Xe só îarameté,Xe só îasûaramo
diabo mau,anhangaíba,Anhanga-angaíba
segundo a vontade de deus,Tupã remimotara rupi,Tupã remimotara rupi
"algumas poucas vezes, algumas vezes, somente",amõme é,amõme nhõ
torci-o,Aîpepyr,Aîmoîaî
eu não sou sério nas minhas ações,Na xe rekoposyî,Na xe rekopûeramo
"você trouxe muitas coisas, por acaso?",Ereruretá serã?,Ereru-pyramo serã?
amontoado de pedras,itá re'yîa,itá-monhangymbyra
mas quem há como eu?,Abá-tepe oîkó xe oîá?,Abápe-te xe îá?
zombando diante dele,Sobaké o memûãnamo,I xupé nhemima
o bordei,Asemberung,Aîapyk
eu tenho estatura elevada,Xe îeysá-puku,Xe gûasu
eu tenho lágrimas pingando,Xe resa'y-tykyr,Xe resa'y-syryk
"coisa enlameada, porco!","Mba'e-u'uma, taîasu!","mba'e-momburu, taîasu!"
eis que estou aqui para te procurar,Kó xe rekóû nde reká,Kó xe ruri nde reká
e o que acontece com quem se excita por sua amante?,"A'epe o agûasá resé segûyrõba'e, marã?",A'epe o agûasá resé o îerureme?
"portanto, prendo você!",Irõ oropokosub!,"Irõ, nde arekó!"
emergi como que do fundo,Ypy suí berame'ĩ abur,Aîerok gûitekóbo
"descendo com seus choros, indo com seus gritos","O îase'o rerogûeîypa, ogûasẽ-gûasema rerasóbo","O îase'o pyteré ogûeîypa, o îuru-pyrama pupé osóbo"
para que nós paguemos bem a transgressão da palavra de deus,Tupã nhe'engabŷagûera îandé i moepykatûagûama resé,T'îaîmoîerekó-katu Tupã nhe'enga moangaîpaba
fugi,Asem îepé,Asó
me rangem os dentes,Xe rãî-ngyrỹî,Xe rãnhe'ẽ
nosso fogo convém a todos os que assim vivem,Opá emonã tekoara îandé ratá îaîarõ,Îandé ratá ogûerekóbo opá oîkóbo
ninguém pode casar com sua própria neta,O emiminõ resé nd'e'ikatuî abá omendá,O membyra resé nd'e'ikatuî abá omendá
os que se compadecem de nós,îandé poreaûsubokara,Îandé raûsubara
os que de nós são maus são os que não cumprem nesta terra a vontade de deus,Asé i angaîpaba'e ipó ikó ybype Tupã remimotara n'oîmonhangi,"Îandé i angaîpabẽ, ikó ybype Tupã remimotara monhangiara"
está diante de mim,E'am xe reseî,Xe renondé é
alguém se confessa antes de ir à guerra?,Onhemombe'upe abá gûarinĩ-namo o só îanondé?,Onhemombe'upe abá marana sóû îanondé?
não quero ir para longe,N'asó-potari mamõ...,N'asó-potari
quem tem fome é o faminto,i ambyasyba'e,Tynyhã-katu
vão depressa!,Pekûá esapy'a!,Peîesó-mirĩ!
era eu,Ixé raka'e,Ixé é
dei aos índios seus antigos companheiros,Irũmbûera aîme'eng abá supé,Aîme'eng apŷaba supé
"mas quem, outrora, deu aos índios coisas como as suas?","Abá-tepe, erimba'e, pe mba'erama resé apŷaba me'enga'ubi?",Abá-tepe abá abá supé mba'e nde îagûera îabi'õû?
quando estou ao teu lado,Nde pyri gûitekóbo nhẽ,nde pyri xe rekóû
"pela estrela que os guia, como a que mostra o caminho",Îasytatá serekoarama resé pé kuabe'ẽsaramo,"Îasytatá resé, pé pé pé peasykara"
ficando a experimentar poções,Mosanga ra'ã-ra'anga,mosangygûera repîaka
"ah, oxalá eu seja um pouquinho melhor no futuro!",Xe angaturã be'ĩ temõ erimba'e mã!,Aûîmoĩ-mirĩngatu temõ a'ereme mã!
"por aí, por ali, por esse lugar",eboûĩ rupi,kûeî rupi
eu sou um homem soberbo.,Abá-porerobîare'yma ixé,Xe abá-porang
é moderadamente grande,Turusu-nhota'ubĩ,Turusu-katu
sua mãe afável também lhe arranca a ferocidade,I xy-îerekûaba abé oîo'ok i abaeté,I xy-aîpó bé i moaîu-ukar
"com alegria, honramos este dia",Tesãîa pupé kó 'ara îaîmoeté,Torypabẽ kó 'ara îaîmoeté
você fez sexo com uma mulher com alguém observando?,Ereîkópe kunhã resé abá remiandubamo?,Ereîkópe kunhã resé abá repîakaba'e resé?
nosso criador faz estar contigo em teus braços,Îandé monhangara nhẽ erenoĩ nde îybápe,Oré monhangara nde îybápe nde moingobé
o que retribui verdadeiramente o amor de deus a si,Tupã o aûsuba poepykareté,Tupã raûsubaeté o îosuíba'e
o desenrolei,Aîorab,Aîapyr
"você visitou o covo de alguém, arrancando seu conteúdo?",Ereîosubype abá îeke'a i poroka?,"Ereîosubápe abá aîubá, i mba'e-mba'e mondóbo?"
ficamos batendo um no outro,Oroîoapi - Golpeamos um ao outro Oroîoapi-api,Oroîopûarûarûar
todos morreram,Omanõ-mbá,Opá omanõ
"eia, amarrem os malditos!","Pe'ĩ, peîpûá muru!",Peîapytá muru!
ponteiro da escola,nhembo'esaba kuabe'engaba,mbo'esykara
me movimento,Akué,Aîeapyk
deram-lhe para beber?,-Oîmo'y'upe gûá?,Oîme'engápe i xupé?
não querem que toquem em vocês,Pe atõîa n'oîpotari,N'oîpotari pe pupé
vaso de estanho,itaîy-kamusi,itá-y-y-y-y-y
"ah, sim! ah, já entendi!",tó eẽ,"Îé, ahẽ! Aîpytá-katu!"
"você foi revistar os covos de água doce de alguém, tomando seu conteúdo?","Eresópe abá îeky-'ye'ẽ supa, i pora rá?",Ereîosó abá 'y-karaíba kûara resé i gûabo o emonã?
"hei de ir para onde me mandam, porque eu, por vontade, quero assim fazer","Îé t'asóne xe mondoápe Memeté ixé, xe py'ape, emonã tekó potá","T'asó xe remondépe, ixé, xe remimotare'yma, aîpoba'e-potá"
amo pedro por amar o pai dele,Asaûsub Pedro og uba raûsume,Aroŷrõ Pedro o rubypy raûsupa
eu sou mal-encarado,Xe robasy,Xe resakûar
a maldade de suas palavras,o nhe'enga poxŷagûera,i nhe'enga poxy
em seu nome me guardo,Nde rera pupé anhenong,Nde rera pupé aîepyka
"querem que eu solte para vocês jesus, vosso rei?",Peîpotápe Îesus pe rubixaba ixé i mosema peẽme?,Moroîepe Îesu pe Îerekoara asó pe resé?
que eles sofram junto dos malditos!,Ta sasy muru supé!,T'oîkuaku muru pyri!
não se cansam de rezar a deus,N'oîeruré-pytubari Tupã supé,N'oîkóî Tupã mongetá-mongetá
senhor jesus,Pa'i Îesu,Pa'i Îesu
com ele,ahẽ pabẽ,i pyri
veio logo atrás de mim,Xe atuaî bé turi,Xe rapé-a'ub
vamos hoje trazer alguns assim desse jeito,Emonã nungara amõ t'îasó kori seru,T'îaîur kori amõ aîpó kóbo
ele me dará minha aflição,A'e xe rekotebẽsaba oîme'eng ixébene,Xe resemõ xe remimotara mo'ama
já afastei minhas maldades dessa maneira,Aîpe'a umûã emonã xe angaîpaba,Aîmoîepebĩ xe angaîpaba kóbo
"você invocou em vão o nome de deus, mentindo, sabendo que era mentira?","Eresenõî tenhẽpe Tupã rera, nde îuraragûaîamo nhẽ, îuraragûaîamo sekó kuapa?","Ereîkuá-katupe Tupã renõ, emonhanga, emonhangaba nde kuapa?"
você cobriu sua esposa quando o sangue dela ocorria?,"Ereîopykype nde remirekó, sugûy sekóreme?",Ereîopyterype nde remirekó og ugûy-ypa'ũme?
amem vosso criador,Pesaûsu pe monhangara,Pe monhangara taûsubi
o fraco que convido para comer,xe remipoîmembeka,xe remi'u-mondykyra
eis que estou à vista de deus,Tupã resápe ã xe rekóû,A'é kó Tupã resé
lembre-se de mim!,Nde ma'enduá xe ri!,Nde ma'enduar xe resé!
eu o ararei,Asyby'ab,Aî'a'ar
a morte é o que separa os verdadeiros cônjuges,Te'õ a'e mendasabeté mombo'isaramo,O mendara-eté oîmomo'ar te'õ
coloquei penas nele,Aîpepó-moín,Aîapyk i xuí
embarquei as pessoas,Aporero'yasab,Aîapyk asé
meu cansaço é grande,Turusu xe kane'õ,Xe kane'õgûasu
eu tenho uma grande cabeleira,Xe 'abebogûasu,Xe akangausu
atravessar a água elimina a sujeira dos pés,Y aé rasaba mby ky'a îaîmomemûã,Y rupi okûapa py-ky'a
prendi-os um ao lado do outro,O îoybyri aîmoín,O îoesé aîmoîoî
você se enfureceu por causa de alguém?,Nde marãmotarype abá resé?,Ereîekyîpe abá resé?
eu sou bem feito,Xe aysó,Xe rekoatã
quem são os que rogam a deus por nós?,Abá-abápe asé resé Tupã mongetasaramo sekóû?,Abápe asé resé Tupã supé oîeruréû?
tive filhos gêmeos,Xe membykõî,Aîmonhangymbyra
"por isso mesmo os malditos se alegram por causa deles, disputando por eles","Nd'e'i te'e moxy sesé og orybamo, sesé oîomoaîuabo",Nd'e'i te'e moxy i xupé i moxy-moxy
"o que é bom é a dança: enfeitar-se, untar as suas penas","Moraseîa é i katu, îegûaka, sa-mongy","Moraseîa i katu, îegûaka, îepe'a-pyranga"
"por aí, por ali",eboûinga rupi,kûeî rupi
que meus nomes sejam muitos!,Ta setá-katu xe rera!,Ta monhang xe rera!
amarrei-o pelos pés,Aîpukusãmoín,Aîapé-pyr
aqui certamente há alguém,Ké abá rekóû anhẽ,Kó abá rekóû nipó
"lembrem-se do que se sofre no inferno para que, de modo nenhum, pequem",Penhemoma'enduá Anhanga ratápe i porarapyra resé ta pe angaîpab umẽngatutenhẽ,"Penhemoma'enduar Anhanga ratápe o îepîakaba, t'oîepîaka'ubamo"
"e os rapazes que perseguem mulheres, querendo torná-las escravas nas casas de cristãos?","A'epe kunumĩgûasu kunhã oîmomosemba'e, miaûsuba potá nhẽ karaibokype-katu?","A'epe kunumĩgûasu kunhã mokanhema, i mongaraibypyra potá cristãos roka pupé?"
a bela proclamação de sua mãe me afligiu muito,I xy mombe'u-poranga xe moingotebẽngatu,Xe moasy-katu nde sy nhe'engaeté
"voando pelos montes, fui para fazer pecar os tupis","Ybytyrybo gûibebébo, asó tupi moangaîpapa",Ybytyra rupi aîub tupi angaîpaba'e
isso é o que me é destinado,Xe resendûara ebokûea,Aîpó xe rekóû
eu estou doente,Xe karasy,Xe mba'easy
estou calombento,Xe asur,Xe nhe'ẽ-nhemima
"lugar para se abrigar da água, barra do porto",y-mbîasaba,y suí i îepé
"palavras grosseiras, de zombaria",nhe'ẽ-memûã,nhe'ẽ-poxy
"o próprio céu é o que deus prepara para nós, lugar em que coloca bem a nossa felicidade futura","Ybaka aé Tupã îandé resé i nhemosako'îaba, îandé mba'ekaturama nongatûaba re'a","Ybaka aé Tupã îandé resé oîmonhang, îandé rekobé moingobé-katupe"
você pagou aquilo que usou?,Eresepyme'engype nde remiporupûera?,Ereîmoîebype nde rekó-pûera?
vai me fartando,Seby-sebykĩ ixébo,Xe îeapyk îepi
fininho,po'i'i,iîybĩ
não há como os que caminham passarem por mim,N'i tybi xe rasapaba ogûataba'e supé,N'i tybi xe porûá-porundûara
sinal de golpe com uma pedra,itá-pora,itá resé ku'a
reprimir o desejo de coisas más,Mba'e-aí-potara renonhena,Mba'e-poxy potarybo
"vocês se consolarão muito no futuro, depois que a batalha acabar.",Ta peapysyketé irã marana pab'iré,"Pe îosuí-katu memẽ amõ 'ara pupé, marana rerupa'iré"
logo o viu,Koromõ sepîaki,Aûnhenhẽ serekóû
três dedos dos pés,mosapyr mysã,mosapyr-y-mosapyr
"disse isso, sabendo o futuro esmagamento dos habitantes daquela cidade chamada jerusalém",Akûé tabusu Îerusalém 'îaba pora mombebaûama kuapa nhẽ aîpó i 'éû,"Aîpó 'îaba, aîpó 'yriûsuba Îerusalém 'îaba rekó mombegûabo"
